timestamp,symbol,avg_basis,basis_volatility,basis_momentum,oi_change_24h,oi_momentum,volume_ratio,avg_funding_rate,funding_rate_volatility,funding_rate_momentum,funding_rate_spread,put_call_ratio,implied_vol,vol_skew,derivative_sentiment,derivative_confidence,market_structure_score
2025-09-22T19:51:53.524017+00:00,BTC/USDT,-0.000774113088212317,0.0,0.0,0.0,0.0,1.0,0.0,0.0,0.0,0.0,1.0,0.0,0.0,-0.038628524602655874,0.07725704920531175,1.0
2025-09-22T19:52:22.324809+00:00,BTC/USDT,0.00018809811411587933,0.0,0.0,0.0,0.0,1.0,0.0,0.0,0.0,0.0,1.0,0.0,0.0,0.009403796682635628,0.018807593365271255,1.0
2025-09-22T20:27:58.313907+00:00,BTC/USDT,0.0003352204341818377,0.0,0.0,0.0,0.0,1.0,5.908551676165e-05,4.091448323835e-05,8.182896647670001e-05,8.182896647670001e-05,0.8362944558703144,0.5713474083803831,0.09013596841912605,0.0622882117592352,0.1245764235184704,0.9999795427583809
2025-09-22T21:02:55.266221+00:00,BTC/USDT,-0.0005334800921385435,0.0,0.0,0.0,0.0,1.0,6.623910852630001e-05,3.3760891473700004e-05,6.752178294740001e-05,6.752178294740001e-05,1.0,0.0,0.0,-0.057150940247403685,0.11430188049480737,0.9999831195542631
2025-09-22T21:35:34.851535+00:00,BTC/USDT,0.00017567207878629146,0.0,0.0,0.0,0.0,1.0,7.190330607985e-05,2.8096693920150003e-05,5.6193387840300005e-05,5.6193387840300005e-05,1.0,0.0,0.0,-0.009238113231075526,0.018476226462151052,0.9999859516530399
2025-09-22T21:45:35.611017+00:00,BTC/USDT,-8.684324793749865e-05,0.0,0.0,0.0,0.0,1.0,7.34164893765e-05,2.65835106235e-05,5.3167021247e-05,5.3167021247e-05,1.0,0.0,0.0,-0.02806433513366931,0.05612867026733862,0.9999867082446883
2025-09-22T22:00:15.989622+00:00,BTC/USDT,-0.0004211561150739887,0.00032470104529687177,-0.0003976341745154987,87132.893,0.0,1.0,6.4683392834025e-05,2.911135682094057e-05,5.366666666666666e-06,7.455000000000001e-05,1.0,0.0,0.0,-0.0488415099765189,0.0976830199530378,0.9998230937989411
2025-09-23T00:52:50.661014+00:00,BTC/USDT,-0.0002731401778524873,0.0,0.0,0.0,0.0,1.0,9.701857740970001e-05,2.9814225903000038e-06,5.9628451806000075e-06,5.9628451806000075e-06,1.0,0.0,0.0,-0.04812965504614879,0.09625931009229757,0.9999985092887048
2025-09-23T04:14:24.814883+00:00,BTC/USDT,-0.0005528975846401484,0.0,0.0,0.0,0.0,1.0,8.79869281876e-05,1.2013071812400002e-05,2.4026143624800004e-05,2.4026143624800004e-05,1.0,0.0,0.0,-0.06499161335119139,0.12998322670238277,0.9999939934640938
2025-09-23T08:16:19.600120+00:00,BTC/USDT,-0.0001539046675570215,0.0,0.0,0.0,0.0,1.0,6.4937038381e-05,3.5062961619e-05,7.0125923238e-05,7.0125923238e-05,1.0,0.0,0.0,-0.030226251045753272,0.060452502091506544,0.9999824685191905
2025-09-23T12:22:38.222725+00:00,BTC/USDT,-0.000368632559293624,0.0,0.0,0.0,0.0,1.0,3.29238044375e-05,3.30761955625e-05,6.615239112500001e-05,6.615239112500001e-05,1.0,0.0,0.0,-0.035666171038905944,0.07133234207781189,0.9999834619022188
2025-09-23T16:15:30.626044+00:00,BTC/USDT,-0.0016131536799514005,0.0,0.0,0.0,0.0,1.0,3.319610966685e-05,3.2803890333150003e-05,6.560778066630001e-05,6.560778066630001e-05,1.0,0.0,0.0,-0.12190652431087065,0.2438130486217413,0.9999835980548334
2025-09-23T20:13:25.492850+00:00,BTC/USDT,-1.520116959584641e-05,0.0,0.0,0.0,0.0,1.0,8.653485181225e-05,1.3465148187750002e-05,2.6930296375500003e-05,2.6930296375500003e-05,1.0,0.0,0.0,-0.026959930379649128,0.053919860759298256,0.9999932674259061
2025-09-24T00:53:42.060957+00:00,BTC/USDT,-0.00036704113176952213,0.0,0.0,0.0,0.0,1.0,7.146879171335e-05,2.8531208286650004e-05,5.706241657330001e-05,5.706241657330001e-05,1.0,0.0,0.0,-0.047085554889945626,0.09417110977989125,0.9999857343958567
2025-09-24T04:14:15.387213+00:00,BTC/USDT,0.0017610957128972777,0.0,0.0,0.0,0.0,1.0,8.072779995615e-05,1.9272200043850003e-05,3.8544400087700006e-05,3.8544400087700006e-05,1.0,0.0,0.0,0.09785198955872237,0.19570397911744475,0.9999903638999781
2025-09-24T08:17:06.415382+00:00,BTC/USDT,-0.000988853170421526,0.0,0.0,0.0,0.0,1.0,6.670879071035e-05,3.3291209289650006e-05,6.65824185793e-05,6.65824185793e-05,1.0,0.0,0.0,-0.08897798783561164,0.1779559756712233,0.9999833543953551
2025-09-24T12:23:27.115901+00:00,BTC/USDT,-0.001244587547932517,0.0,0.0,0.0,0.0,1.0,5.2227705186450005e-05,2.777229481355e-05,5.55445896271e-05,5.55445896271e-05,1.0,0.0,0.0,-0.10232814402843045,0.2046562880568609,0.9999861138525932
2025-09-24T16:15:31.645547+00:00,BTC/USDT,-3.628381258326559e-05,0.0007594084639908465,0.0008762771125502066,88164.484,0.0,1.0,4.6012940707775e-05,3.82567336556907e-05,1.1010000000000005e-05,9.66682371689e-05,1.0,0.0,0.0,-0.01633400437328725,0.0326680087465745,0.9996011674011768
2025-09-24T20:13:39.389950+00:00,BTC/USDT,0.0010529660455961916,0.0,0.0,0.0,0.0,1.0,-6.344103799335001e-05,3.244103799335e-05,6.48820759867e-05,6.48820759867e-05,1.0,0.0,0.0,0.09244323680120188,0.18488647360240376,0.9999837794810034
2025-09-25T00:53:45.041499+00:00,BTC/USDT,-0.0006524852792955539,0.0,0.0,0.0,0.0,1.0,-4.78819930979e-05,1.6881993097899996e-05,3.376398619579999e-05,3.376398619579999e-05,1.0,0.0,0.0,-0.0312556325853128,0.0625112651706256,0.999991559003451
2025-09-25T04:14:44.066919+00:00,BTC/USDT,-0.002918300043556743,0.0,0.0,0.0,0.0,1.0,-8.652110406200002e-06,4.83478895938e-05,-9.66957791876e-05,9.66957791876e-05,1.0,0.0,0.0,-0.19607722590692098,0.39215445181384195,0.9999758260552031
2025-09-25T08:16:22.748148+00:00,BTC/USDT,0.0011207814163171007,0.0,0.0,0.0,0.0,1.0,6.868284902199999e-06,6.38682849022e-05,-0.0001277365698044,0.0001277365698044,1.0,0.0,0.0,0.07606738516114182,0.15213477032228365,0.9999680658575489
2025-09-25T12:23:34.043788+00:00,BTC/USDT,-0.0003040358744394097,0.0,0.0,0.0,0.0,1.0,7.891265015175e-05,2.1087349848250003e-05,4.2174699696500005e-05,4.2174699696500005e-05,1.0,0.0,0.0,-0.04490073254403895,0.0898014650880779,0.9999894563250759
2025-09-25T16:14:56.711637+00:00,BTC/USDT,-0.0011977603583426392,0.0,0.0,0.0,0.0,1.0,8.386854142185e-05,1.613145857815e-05,3.22629171563e-05,3.22629171563e-05,1.0,0.0,0.0,-0.10854630136024303,0.21709260272048606,0.999991934270711
2025-09-25T20:13:38.406002+00:00,BTC/USDT,-0.0007570902832451168,0.0,0.0,0.0,0.0,1.0,9.604353069970001e-05,3.956469300300004e-06,7.912938600600008e-06,7.912938600600008e-06,1.0,0.0,0.0,-0.08162008654309194,0.16324017308618388,0.9999980217653498
2025-09-26T00:53:05.573365+00:00,BTC/USDT,0.002000980333771529,0.0,0.0,0.0,0.0,1.0,6.52295488153e-05,3.47704511847e-05,6.95409023694e-05,6.95409023694e-05,1.0,0.0,0.0,0.11868751556511214,0.2373750311302243,0.9999826147744076
2025-09-26T04:14:24.076325+00:00,BTC/USDT,0.0006041440074581699,0.0,0.0,0.0,0.0,1.0,8.130253279315e-05,1.8697467206850004e-05,3.739493441370001e-05,3.739493441370001e-05,1.0,0.0,0.0,0.0179015442572127,0.0358030885144254,0.9999906512663965
2025-09-26T08:16:59.742729+00:00,BTC/USDT,-5.0246435928942405e-05,0.0,0.0,0.0,0.0,1.0,3.8722670388400005e-05,6.12773296116e-05,0.00012255465922320001,0.00012255465922320001,1.0,0.0,0.0,-0.015128219259904532,0.030256438519809064,0.9999693613351942
2025-09-26T12:22:37.428323+00:00,BTC/USDT,-0.0033057926940973344,0.0,0.0,0.0,0.0,1.0,7.572613222275e-05,2.4273867777250004e-05,4.854773555450001e-05,4.854773555450001e-05,1.0,0.0,0.0,-0.24600334041615032,0.49200668083230065,0.9999878630661114
2025-09-26T16:14:51.616519+00:00,BTC/USDT,-0.00033496545096788375,0.0,0.0,0.0,0.0,1.0,9.238818924095e-05,7.611810759050003e-06,1.5223621518100006e-05,1.5223621518100006e-05,1.0,0.0,0.0,-0.051076682393359815,0.10215336478671963,0.9999961940946205
2025-09-26T20:13:15.616600+00:00,BTC/USDT,-0.0007845829900210298,0.0,0.0,0.0,0.0,1.0,6.1204488177e-05,3.8795511823e-05,7.7591023646e-05,7.7591023646e-05,1.0,0.0,0.0,-0.07314684761598686,0.14629369523197372,0.9999806022440885
2025-09-27T00:51:20.682950+00:00,BTC/USDT,-0.00035253395194218646,0.0,0.0,0.0,0.0,1.0,5.1312539420600004e-05,4.86874605794e-05,9.73749211588e-05,9.73749211588e-05,1.0,0.0,0.0,-0.040047424253567186,0.08009484850713437,0.9999756562697103
2025-09-27T04:14:05.013962+00:00,BTC/USDT,0.0008170016769552905,0.0,0.0,0.0,0.0,1.0,4.4646639127600005e-05,5.535336087240001e-05,0.0001107067217448,0.0001107067217448,1.0,0.0,0.0,0.04367811046476543,0.08735622092953085,0.9999723233195638
2025-09-27T08:13:51.031610+00:00,BTC/USDT,-0.0007847082494970085,0.0,0.0,0.0,0.0,1.0,4.06022590413e-05,5.93977409587e-05,0.0001187954819174,0.0001187954819174,1.0,0.0,0.0,-0.06699109706293263,0.13398219412586526,0.9999703011295207
2025-09-27T12:19:55.752504+00:00,BTC/USDT,9.062324074195883e-05,0.0,0.0,0.0,0.0,1.0,8.678042777715e-05,1.3219572222849999e-05,2.6439144445699998e-05,2.6439144445699998e-05,1.0,0.0,0.0,-0.019625518426107637,0.039251036852215274,0.9999933902138886
2025-09-27T16:12:52.641772+00:00,BTC/USDT,0.00031105906462709505,0.0,0.0,0.0,0.0,1.0,5.54435985854e-05,4.4556401414600004e-05,8.911280282920001e-05,8.911280282920001e-05,1.0,0.0,0.0,0.005151057335878936,0.010302114671757873,0.9999777217992927
2025-09-27T20:11:59.871065+00:00,BTC/USDT,-0.00041638256887118483,1.8765710647645562e-05,-3.7531421295291124e-05,0.0,0.0,1.0,4.44105845948e-05,7.485720235025282e-05,8.070412310779999e-05,0.0001614082462156,1.0,0.0,0.0,-0.0424443703219784,0.0848887406439568,0.999953188543501
2025-09-28T00:58:58.465618+00:00,BTC/USDT,-0.0013411743253100457,0.0,0.0,0.0,0.0,1.0,2.878957447085e-05,7.121042552915001e-05,0.00014242085105830001,0.00014242085105830001,1.0,0.0,0.0,-0.10195780891627557,0.20391561783255113,0.9999643947872354
2025-09-28T04:14:18.296766+00:00,BTC/USDT,-0.00027135058587055656,0.0,0.0,0.0,0.0,1.0,4.025850299445e-05,5.9741497005550006e-05,0.00011948299401110001,0.00011948299401110001,1.0,0.0,0.0,-0.031060910658456738,0.062121821316913475,0.9999701292514972
2025-09-28T08:13:54.999607+00:00,BTC/USDT,0.0001288035882305111,0.0,0.0,0.0,0.0,1.0,6.58452647413e-05,3.4154735258700006e-05,6.830947051740001e-05,6.830947051740001e-05,1.0,0.0,0.0,-0.010709328379251044,0.02141865675850209,0.9999829226323707
2025-09-28T12:20:09.471733+00:00,BTC/USDT,0.0011909284390233272,0.0,0.0,0.0,0.0,1.0,6.02701596473e-05,3.97298403527e-05,7.94596807054e-05,7.94596807054e-05,1.0,0.0,0.0,0.06491390254576401,0.12982780509152803,0.9999801350798236
2025-09-28T16:12:28.539645+00:00,BTC/USDT,-0.0013550626773138035,0.0,0.0,0.0,0.0,1.0,8.03939125731e-05,1.9606087426900004e-05,3.921217485380001e-05,3.921217485380001e-05,1.0,0.0,0.0,-0.11834439736401317,0.23668879472802634,0.9999901969562865
2025-09-28T20:12:29.356504+00:00,BTC/USDT,0.0007911449827617228,0.0,0.0,0.0,0.0,1.0,5.11064885512e-05,4.08935114488e-05,8.17870228976e-05,8.17870228976e-05,1.0,0.0,0.0,0.03994628184450476,0.07989256368900952,0.9999795532442756
2025-09-29T00:54:59.778719+00:00,BTC/USDT,-0.00017918431022960393,0.0,0.0,0.0,0.0,1.0,3.854922287905e-05,5.345077712095e-05,0.0001069015542419,0.0001069015542419,1.0,0.0,0.0,-0.024100601192738918,0.048201202385477836,0.9999732746114395
2025-09-29T04:15:27.658983+00:00,BTC/USDT,0.0008447966172301144,0.0,0.0,0.0,0.0,1.0,3.70823561483e-05,2.90823561483e-05,-5.81647122966e-05,5.81647122966e-05,1.0,0.0,0.0,0.047875872904898885,0.09575174580979777,0.9999854588219258
2025-09-29T08:18:27.285431+00:00,BTC/USDT,0.0004795734743179174,0.0,0.0,0.0,0.0,1.0,1.665767941325e-05,8.65767941325e-06,-1.73153588265e-05,1.73153588265e-05,1.0,0.0,0.0,0.028547589124575477,0.05709517824915095,0.9999956711602934
2025-09-29T12:23:59.130336+00:00,BTC/USDT,0.0003289649638941672,0.0,0.0,0.0,0.0,1.0,-3.260746629705e-05,3.0392533702949998e-05,-6.07850674059e-05,6.07850674059e-05,1.0,0.0,0.0,0.03279801880469368,0.06559603760938736,0.9999848037331486
2025-09-29T16:12:52.945633+00:00,BTC/USDT,0.0006682678164503284,0.0,0.0,0.0,0.0,1.0,-1.7072422518550002e-05,4.592757748145e-05,-9.18551549629e-05,9.18551549629e-05,1.0,0.0,0.0,0.05183046539069066,0.10366093078138132,0.9999770362112593
2025-09-29T20:13:09.884174+00:00,BTC/USDT,-0.0001575195914991927,0.0,0.0,0.0,0.0,1.0,-4.999999999999986e-07,0.0001005,-0.000201,0.000201,1.0,0.0,0.0,-0.01087545953802317,0.02175091907604634,0.99994975
2025-09-30T00:53:58.375842+00:00,BTC/USDT,-0.0008594599551927381,0.0,0.0,0.0,0.0,1.0,-3.15880299138e-05,6.94119700862e-05,-0.0001388239401724,0.0001388239401724,1.0,0.0,0.0,-0.05054124123043131,0.10108248246086261,0.9999652940149569
2025-09-30T04:14:41.637984+00:00,BTC/USDT,-0.0014316367243662551,0.0,0.0,0.0,0.0,1.0,-1.0344263562599996e-05,0.00010265573643739999,-0.00020531147287479999,0.00020531147287479999,1.0,0.0,0.0,-0.0964323087079994,0.1928646174159988,0.9999486721317813
2025-09-30T08:17:28.193666+00:00,BTC/USDT,-0.0001284329421700401,0.0,0.0,0.0,0.0,1.0,-6.499999999999995e-06,0.0001065,-0.000213,0.000213,1.0,0.0,0.0,-0.007039839128944351,0.014079678257888702,0.99994675
2025-09-30T12:23:57.540666+00:00,BTC/USDT,-0.0006094136273377662,0.0,0.0,0.0,0.0,1.0,5.1e-05,4.9000000000000005e-05,-9.800000000000001e-05,9.800000000000001e-05,1.0,0.0,0.0,-0.057892971285609225,0.11578594257121845,0.9999755
2025-09-30T16:15:18.813218+00:00,BTC/USDT,-0.0010739429616960343,0.0,0.0,0.0,0.0,1.0,2.330457499235e-05,2.130457499235e-05,-4.26091499847e-05,4.26091499847e-05,1.0,0.0,0.0,-0.08187842652937141,0.16375685305874282,0.9999893477125038
2025-09-30T20:13:22.120909+00:00,BTC/USDT,-0.0022413100085632897,0.0,0.0,0.0,0.0,1.0,7.294233626125e-05,1.805766373875e-05,3.61153274775e-05,3.61153274775e-05,1.0,0.0,0.0,-0.17616027558996877,0.35232055117993755,0.9999909711681306
2025-10-01T01:00:01.194511+00:00,BTC/USDT,0.00037760810236601544,0.0,0.0,0.0,0.0,1.0,6.759097387035e-05,2.340902612965e-05,4.68180522593e-05,4.68180522593e-05,1.0,0.0,0.0,0.00617354183361931,0.01234708366723862,0.9999882954869351
2025-10-01T04:14:46.999701+00:00,BTC/USDT,-0.0018955276030747728,0.0,0.0,0.0,0.0,1.0,6.24263825725e-05,1.54263825725e-05,-3.0852765145e-05,3.0852765145e-05,1.0,0.0,0.0,-0.1498239109342774,0.2996478218685548,0.9999922868087138
2025-10-01T08:16:30.927316+00:00,BTC/USDT,2.193472337948661e-05,0.0003265932047136479,0.0006531864094272958,0.0,0.0,1.0,7.130786647746667e-05,2.1858123556881448e-05,-9.961799716199998e-06,5.300000000000001e-05,1.0,0.0,0.0,-0.019820746656923748,0.039641493313847496,0.9998257743358647
2025-10-01T12:24:04.371334+00:00,BTC/USDT,0.003285454490737407,0.0,0.0,0.0,0.0,1.0,5.36859875073e-05,3.6859875072999984e-06,-7.371975014599997e-06,7.371975014599997e-06,1.0,0.0,0.0,0.205958894507417,0.411917789014834,0.9999981570062464
2025-10-01T16:15:09.387215+00:00,BTC/USDT,-0.00019022789131528303,0.0,0.0,0.0,0.0,1.0,5.06714859268e-05,6.714859267999991e-07,-1.3429718535999983e-06,1.3429718535999983e-06,1.0,0.0,0.0,-0.028502795143722927,0.057005590287445854,0.9999996642570366
2025-10-01T20:14:12.477616+00:00,BTC/USDT,-0.003683288249204648,0.0,0.0,0.0,0.0,1.0,8.400000000000001e-05,1.6000000000000003e-05,-3.2000000000000005e-05,3.2000000000000005e-05,1.0,0.0,0.0,-0.27191125847574554,0.5438225169514911,0.999992
2025-10-02T00:52:36.721330+00:00,BTC/USDT,-0.0006790527003943567,0.0,0.0,0.0,0.0,1.0,8.400000000000001e-05,1.6000000000000003e-05,-3.2000000000000005e-05,3.2000000000000005e-05,1.0,0.0,0.0,-0.07260165867113448,0.14520331734226896,0.999992
2025-10-02T04:14:35.899758+00:00,BTC/USDT,-0.001572268907563074,0.0,0.0,0.0,0.0,1.0,0.0001,0.0,0.0,0.0,1.0,0.0,0.0,-0.13906120503490504,0.2781224100698101,1.0
2025-10-02T08:15:57.990432+00:00,BTC/USDT,-0.0005946423066039436,0.0,0.0,0.0,0.0,1.0,0.0001,0.0,0.0,0.0,1.0,0.0,0.0,-0.07147636726218035,0.1429527345243607,1.0
2025-10-02T12:21:52.122091+00:00,BTC/USDT,-0.0005576325428632952,0.0,0.0,0.0,0.0,1.0,0.0001,0.0,0.0,0.0,1.0,0.0,0.0,-0.06889426709242774,0.13778853418485548,1.0
2025-10-02T16:14:24.097427+00:00,BTC/USDT,-0.0018313814407256116,0.0,0.0,0.0,0.0,1.0,0.0001,0.0,0.0,0.0,1.0,0.0,0.0,-0.15668284840396585,0.3133656968079317,1.0
2025-10-02T20:13:09.818545+00:00,BTC/USDT,-0.0008658940397351475,0.0,0.0,0.0,0.0,1.0,7.35e-05,2.6500000000000004e-05,-5.300000000000001e-05,5.300000000000001e-05,1.0,0.0,0.0,-0.08247192931263769,0.16494385862527539,0.99998675
2025-10-03T00:52:26.948597+00:00,BTC/USDT,-0.0026376346855191777,0.0,0.0,0.0,0.0,1.0,3.162779974315e-05,1.537220025685e-05,3.0744400513699994e-05,3.0744400513699994e-05,1.0,0.0,0.0,-0.18995375218124272,0.37990750436248544,0.9999923138998715
2025-10-03T04:14:27.357688+00:00,BTC/USDT,-0.0010605537985862537,0.0,0.0,0.0,0.0,1.0,2.9500000000000002e-05,7.05e-05,-0.000141,0.000141,1.0,0.0,0.0,-0.0828091066236425,0.165618213247285,0.99996475
2025-10-03T08:15:26.684540+00:00,BTC/USDT,-0.000773841642719405,0.0,0.0,0.0,0.0,1.0,2.9500000000000002e-05,7.05e-05,-0.000141,0.000141,1.0,0.0,0.0,-0.06290848028690121,0.12581696057380243,0.99996475
2025-10-03T12:22:05.506259+00:00,BTC/USDT,-0.001226397457468734,0.0,0.0,0.0,0.0,1.0,8.5e-05,1.5000000000000005e-05,-3.000000000000001e-05,3.000000000000001e-05,1.0,0.0,0.0,-0.1108587619198014,0.2217175238396028,0.9999925
2025-10-03T16:14:08.787590+00:00,BTC/USDT,0.0004995606469879437,0.0,0.0,0.0,0.0,1.0,8.5e-05,1.5000000000000005e-05,-3.000000000000001e-05,3.000000000000001e-05,1.0,0.0,0.0,0.009501419986558672,0.019002839973117344,0.9999925
2025-10-03T20:12:57.641629+00:00,BTC/USDT,-0.00043902219273570474,0.0,0.0,0.0,0.0,1.0,8.077970383535001e-05,4.779703835349997e-06,-9.559407670699994e-06,9.559407670699994e-06,1.0,0.0,0.0,-0.05489316135700584,0.10978632271401167,0.9999976101480823
2025-10-04T00:49:34.212215+00:00,BTC/USDT,-0.00030086159546819714,0.0,0.0,0.0,0.0,1.0,7.822125313855e-05,2.2212531385499957e-06,-4.4425062770999914e-06,4.4425062770999914e-06,1.0,0.0,0.0,-0.044472592154745055,0.08894518430949011,0.9999988893734307
2025-10-04T04:13:40.520214+00:00,BTC/USDT,0.004136576869675236,0.0,0.0,0.0,0.0,1.0,5.05e-05,4.9500000000000004e-05,-9.900000000000001e-05,9.900000000000001e-05,1.0,0.0,0.0,0.2589646386353332,0.5179292772706664,0.99997525
2025-10-04T08:13:59.217374+00:00,BTC/USDT,0.0004812091503267498,0.0,0.0,0.0,0.0,1.0,5.05e-05,4.9500000000000004e-05,-9.900000000000001e-05,9.900000000000001e-05,1.0,0.0,0.0,0.01852152991807359,0.03704305983614718,0.99997525
2025-10-04T12:19:44.561070+00:00,BTC/USDT,0.001247164137467026,0.0,0.0,0.0,0.0,1.0,3.6363017303950005e-05,4.736301730395001e-05,-9.47260346079e-05,9.47260346079e-05,1.0,0.0,0.0,0.07594755411065711,0.15189510822131422,0.999976318491348
2025-10-04T16:12:50.351425+00:00,BTC/USDT,-0.001190988840631397,0.0,0.0,0.0,0.0,1.0,1.5663332198400003e-05,2.6663332198400002e-05,-5.33266643968e-05,5.33266643968e-05,1.0,0.0,0.0,-0.08767587323308096,0.17535174646616192,0.9999866683339008
2025-10-04T20:11:27.481405+00:00,BTC/USDT,0.00011651521056839804,0.0,0.0,0.0,0.0,1.0,7.3e-05,2.7000000000000002e-05,-5.4000000000000005e-05,5.4000000000000005e-05,1.0,0.0,0.0,-0.01370548536808117,0.02741097073616234,0.9999865
2025-10-05T00:58:12.394386+00:00,BTC/USDT,-0.00155933783336261,0.0,0.0,0.0,0.0,1.0,7.3e-05,2.7000000000000002e-05,-5.4000000000000005e-05,5.4000000000000005e-05,1.0,0.0,0.0,-0.13013864739629358,0.26027729479258715,0.9999865
2025-10-05T04:14:06.414481+00:00,BTC/USDT,0.0018137671482336274,0.0,0.0,0.0,0.0,1.0,9.8e-05,2.000000000000001e-06,-4.000000000000002e-06,4.000000000000002e-06,1.0,0.0,0.0,0.09628327614960734,0.19256655229921468,0.999999
2025-10-05T08:13:42.408000+00:00,BTC/USDT,0.02288743373869658,0.0,0.0,0.0,0.0,1.0,9.8e-05,2.000000000000001e-06,-4.000000000000002e-06,4.000000000000002e-06,1.0,0.0,0.0,0.6564472406468355,1.0,0.999999
2025-10-05T12:20:15.115529+00:00,BTC/USDT,0.0005322823127869652,0.0,0.0,0.0,0.0,1.0,0.0001,0.0,0.0,0.0,1.0,0.0,0.0,0.007324214668042471,0.014648429336084942,1.0
2025-10-05T16:12:29.096125+00:00,BTC/USDT,0.0011096557951854782,0.0,0.0,0.0,0.0,1.0,8.287637722185e-05,1.7123622778150005e-05,3.424724555630001e-05,3.424724555630001e-05,1.0,0.0,0.0,0.05255250549829955,0.1051050109965991,0.9999914381886109
2025-10-05T20:12:18.002361+00:00,BTC/USDT,0.0016013581345238539,0.0,0.0,0.0,0.0,1.0,0.0001,0.0,0.0,0.0,1.0,0.0,0.0,0.08124622920481585,0.1624924584096317,1.0
2025-10-06T00:54:21.082968+00:00,BTC/USDT,-0.0010478119935170415,0.0,0.0,0.0,0.0,1.0,0.0001,0.0,0.0,0.0,1.0,0.0,0.0,-0.10297998413253164,0.20595996826506327,1.0
2025-10-06T04:14:33.564827+00:00,BTC/USDT,-0.000367287961834341,0.0,0.0,0.0,0.0,1.0,9.208781421165001e-05,7.912185788350004e-06,1.5824371576700008e-05,1.5824371576700008e-05,1.0,0.0,0.0,-0.05324711878414411,0.10649423756828821,0.9999960439071058
2025-10-06T08:16:56.065608+00:00,BTC/USDT,0.0001561893046743729,0.0,0.0,0.0,0.0,1.0,8.425584259370001e-05,1.57441574063e-05,3.14883148126e-05,3.14883148126e-05,1.0,0.0,0.0,-0.014284746165793335,0.02856949233158667,0.9999921279212969
2025-10-06T12:23:22.200135+00:00,BTC/USDT,-0.0013306063522617434,0.0,0.0,0.0,0.0,1.0,9.124050189285001e-05,8.759498107150004e-06,1.751899621430001e-05,1.751899621430001e-05,1.0,0.0,0.0,-0.11989305667011899,0.23978611334023797,0.9999956202509465
2025-10-06T16:14:48.466944+00:00,BTC/USDT,-0.002448721893443788,0.0,0.0,0.0,0.0,1.0,0.0001,0.0,0.0,0.0,1.0,0.0,0.0,-0.1979650960919765,0.395930192183953,1.0
2025-10-06T20:13:11.225958+00:00,BTC/USDT,0.004739078156312719,0.0,0.0,0.0,0.0,1.0,0.0001,0.0,0.0,0.0,1.0,0.0,0.0,0.2790455420188616,0.5580910840377232,1.0
2025-10-07T00:53:03.357097+00:00,BTC/USDT,0.006043832084441268,0.0,0.0,0.0,0.0,1.0,0.0001,0.0,0.0,0.0,1.0,0.0,0.0,0.34821245274671925,0.6964249054934385,1.0
2025-10-07T04:14:57.476058+00:00,BTC/USDT,-1.0472975694546467e-05,0.0,0.0,0.0,0.0,1.0,7.688717084035e-05,2.3112829159650003e-05,4.6225658319300005e-05,4.6225658319300005e-05,1.0,0.0,0.0,-0.02375391360185319,0.04750782720370638,0.9999884435854202
2025-10-07T08:17:12.876075+00:00,BTC/USDT,-0.0007452782857790693,0.0,0.0,0.0,0.0,1.0,7.62192253001e-05,2.3780774699900004e-05,4.756154939980001e-05,4.756154939980001e-05,1.0,0.0,0.0,-0.07489469578822183,0.14978939157644366,0.9999881096126501
2025-10-07T12:23:55.564018+00:00,BTC/USDT,-2.0097513133724833e-05,0.0,0.0,0.0,0.0,1.0,5.9081816612000005e-05,4.091818338800001e-05,8.1836366776e-05,8.1836366776e-05,1.0,0.0,0.0,-0.019110774304409568,0.038221548608819135,0.999979540908306
2025-10-07T16:14:51.932585+00:00,BTC/USDT,-0.001712407559572672,0.0,0.0,0.0,0.0,1.0,0.0001,0.0,0.0,0.0,1.0,0.0,0.0,-0.14861085827033246,0.2972217165406649,1.0
2025-10-07T20:13:23.477454+00:00,BTC/USDT,0.0012073391786484452,0.0,0.0,0.0,0.0,1.0,0.0001,0.0,0.0,0.0,1.0,0.0,0.0,0.054205081170245736,0.10841016234049147,1.0
2025-10-08T00:52:47.925756+00:00,BTC/USDT,0.0005306236262834785,0.0,0.0,0.0,0.0,1.0,6.220784279905e-05,3.7792157200950004e-05,7.558431440190001e-05,7.558431440190001e-05,1.0,0.0,0.0,0.01847051556585203,0.03694103113170406,0.9999811039213995
2025-10-08T04:14:53.938873+00:00,BTC/USDT,0.0014751831596326247,0.0,0.0,0.0,0.0,1.0,8.469799648740001e-05,3.020035126000058e-07,6.040070252000116e-07,6.040070252000116e-07,1.0,0.0,0.0,0.07717141538567186,0.15434283077134373,0.9999998489982437
2025-10-08T08:17:14.048219+00:00,BTC/USDT,0.0006484769432706355,0.0,0.0,0.0,0.0,1.0,9.25e-05,7.499999999999999e-06,-1.4999999999999999e-05,1.4999999999999999e-05,1.0,0.0,0.0,0.01765873847330164,0.03531747694660328,0.99999625
2025-10-08T12:24:01.797028+00:00,BTC/USDT,0.00012715853653571092,0.0,0.0,0.0,0.0,1.0,8.150747385585e-05,1.8492526144150002e-05,3.6985052288300005e-05,3.6985052288300005e-05,1.0,0.0,0.0,-0.01549761859417331,0.03099523718834662,0.9999907537369279
2025-10-08T16:15:12.262444+00:00,BTC/USDT,0.0025695266876302188,0.0,0.0,0.0,0.0,1.0,6.182070490755e-05,3.817929509245e-05,7.63585901849e-05,7.63585901849e-05,1.0,0.0,0.0,0.15748752051008424,0.3149750410201685,0.9999809103524537
2025-10-08T20:13:37.203549+00:00,BTC/USDT,-0.0027193617098673394,0.0,0.0,0.0,0.0,1.0,6.81397963935e-05,4.139796393500004e-06,-8.279592787000008e-06,8.279592787000008e-06,1.0,0.0,0.0,-0.2062082275271932,0.4124164550543864,0.9999979301018033
2025-10-09T00:53:40.396332+00:00,BTC/USDT,-9.270101483211503e-05,0.0,0.0,0.0,0.0,1.0,3.74292931494e-05,2.65707068506e-05,5.31414137012e-05,5.31414137012e-05,1.0,0.0,0.0,-0.017712432383017396,0.03542486476603479,0.9999867146465747
2025-10-09T04:15:05.320240+00:00,BTC/USDT,-0.0004585255818721967,0.0,0.0,0.0,0.0,1.0,3.046069136145e-05,1.5393086385499997e-06,3.0786172770999994e-06,3.0786172770999994e-06,1.0,0.0,0.0,-0.0412096977407281,0.0824193954814562,0.9999992303456807
2025-10-09T08:16:16.925627+00:00,BTC/USDT,-0.0014704613880662611,0.0,0.0,0.0,0.0,1.0,1.4138237328649999e-05,1.786176267135e-05,3.5723525342699996e-05,3.5723525342699996e-05,1.0,0.0,0.0,-0.10643795987725366,0.21287591975450731,0.9999910691186643
2025-10-09T12:23:01.756434+00:00,BTC/USDT,-0.00018696830887164625,0.0,0.0,0.0,0.0,1.0,7.217760188955001e-05,1.1776018895499996e-06,-2.355203779099999e-06,2.355203779099999e-06,1.0,0.0,0.0,-0.034702013865457244,0.06940402773091449,0.9999994111990552
2025-10-09T16:18:05.966321+00:00,BTC/USDT,0.0011666666666666186,0.0,0.0,0.0,0.0,1.0,6.346607974825e-05,7.5339202517500035e-06,1.5067840503500007e-05,1.5067840503500007e-05,1.0,0.0,0.0,0.06228384695525448,0.12456769391050895,0.9999962330398742
2025-10-09T20:13:36.915056+00:00,BTC/USDT,-0.0013064064320479083,0.0,0.0,0.0,0.0,1.0,8.12293970267e-05,1.6770602973299997e-05,3.3541205946599993e-05,3.3541205946599993e-05,1.0,0.0,0.0,-0.11524709124625923,0.23049418249251846,0.9999916146985134
2025-10-10T00:53:06.472659+00:00,BTC/USDT,-0.0007285331186884523,0.0,0.0,0.0,0.0,1.0,9.9e-05,1.000000000000004e-06,-2.000000000000008e-06,2.000000000000008e-06,1.0,0.0,0.0,-0.08051063389958718,0.16102126779917436,0.9999995
2025-10-10T04:14:35.151310+00:00,BTC/USDT,0.001395177967745797,0.0,0.0,0.0,0.0,1.0,0.0001,0.0,0.0,0.0,1.0,0.0,0.0,0.0671332810244219,0.1342665620488438,1.0
2025-10-10T08:16:29.624513+00:00,BTC/USDT,0.000853934996882346,0.0,0.0,0.0,0.0,1.0,0.0001,0.0,0.0,0.0,1.0,0.0,0.0,0.029730178761666073,0.05946035752333215,1.0
2025-10-10T12:23:40.486127+00:00,BTC/USDT,-0.0009995927585057939,0.0,0.0,0.0,0.0,1.0,7.823344712655e-05,1.6233447126549997e-05,-3.246689425309999e-05,3.246689425309999e-05,1.0,0.0,0.0,-0.09316164090726001,0.18632328181452001,0.9999918832764367
2025-10-10T16:15:06.479919+00:00,BTC/USDT,0.0014363035191542236,0.0,0.0,0.0,0.0,1.0,5.46092276491e-05,7.390772350900001e-06,1.4781544701800002e-05,1.4781544701800002e-05,1.0,0.0,0.0,0.08348902410245432,0.16697804820490864,0.9999963046138246
2025-10-10T20:12:53.530594+00:00,BTC/USDT,-0.00045224839400430757,0.0,0.0,0.0,0.0,1.0,8.933876954675e-05,1.066123045325e-05,2.13224609065e-05,2.13224609065e-05,1.0,0.0,0.0,-0.05836637520866918,0.11673275041733835,0.9999946693847733
2025-10-11T00:50:32.087212+00:00,BTC/USDT,-9.020402026934823e-05,0.0,0.0,0.0,0.0,1.0,-0.0001266673114554,0.0002266673114554,0.0004533346229108,0.0004533346229108,1.0,0.0,0.0,0.03148414643835033,0.06296829287670067,0.9998866663442723
2025-10-11T04:13:34.573582+00:00,BTC/USDT,0.002219646995899447,0.0,0.0,0.0,0.0,1.0,0.0001,0.0,0.0,0.0,1.0,0.0,0.0,0.12297250163131275,0.2459450032626255,1.0
2025-10-11T08:14:08.719631+00:00,BTC/USDT,0.0007359981123600112,0.0,0.0,0.0,0.0,1.0,0.0001,0.0,0.0,0.0,1.0,0.0,0.0,0.021526644060158716,0.04305328812031743,1.0
2025-10-11T12:19:55.940583+00:00,BTC/USDT,-0.0006793381356536365,0.0,0.0,0.0,0.0,1.0,0.0001,0.0,0.0,0.0,1.0,0.0,0.0,-0.077381049229936,0.154762098459872,1.0
2025-10-11T16:12:40.103920+00:00,BTC/USDT,0.0010730016349650745,0.0,0.0,0.0,0.0,1.0,0.0001,0.0,0.0,0.0,1.0,0.0,0.0,0.04492278169347762,0.08984556338695524,1.0
2025-10-11T20:11:57.382069+00:00,BTC/USDT,-0.00022379843702061933,0.0,0.0,0.0,0.0,1.0,0.0001,0.0,0.0,0.0,1.0,0.0,0.0,-0.04556367404371438,0.09112734808742876,1.0
2025-10-12T00:55:57.320281+00:00,BTC/USDT,0.0008073591791545128,0.0,0.0,0.0,0.0,1.0,0.0001,0.0,0.0,0.0,1.0,0.0,0.0,0.026492269473402406,0.05298453894680481,1.0
2025-10-12T04:13:52.691719+00:00,BTC/USDT,-0.0016806269062250034,0.0,0.0,0.0,0.0,1.0,0.0001,0.0,0.0,0.0,1.0,0.0,0.0,-0.14644903446708035,0.2928980689341607,1.0
2025-10-12T08:14:04.553089+00:00,BTC/USDT,-0.0006765536090326627,0.0,0.0,0.0,0.0,1.0,8.964355090405001e-05,1.0356449095950004e-05,2.0712898191900007e-05,2.0712898191900007e-05,1.0,0.0,0.0,-0.07410788592234158,0.14821577184468315,0.9999948217754521
2025-10-12T12:20:35.835732+00:00,BTC/USDT,-0.00138153083248599,0.0,0.0,0.0,0.0,1.0,4.14845319802e-05,5.85154680198e-05,0.0001170309360396,0.0001170309360396,1.0,0.0,0.0,-0.10853478484154186,0.21706956968308372,0.9999707422659901
2025-10-12T16:12:38.794096+00:00,BTC/USDT,0.0013493589884648986,0.0,0.0,0.0,0.0,1.0,6.6904320169e-05,3.3095679831e-05,6.6191359662e-05,6.6191359662e-05,1.0,0.0,0.0,0.07384460175910544,0.14768920351821088,0.9999834521600846
2025-10-12T20:12:40.266661+00:00,BTC/USDT,-0.0019719943657304346,0.0,0.0,0.0,0.0,1.0,7.639737295170001e-05,2.3602627048299998e-05,4.72052540966e-05,4.72052540966e-05,1.0,0.0,0.0,-0.15915238978103355,0.3183047795620671,0.9999881986864758
2025-10-13T00:57:34.359147+00:00,BTC/USDT,0.0018427614488397452,0.0,0.0,0.0,0.0,1.0,4.8265495023900004e-05,5.17345049761e-05,0.0001034690099522,0.0001034690099522,1.0,0.0,0.0,0.11308434482617366,0.22616868965234732,0.9999741327475119
2025-10-13T04:15:58.819761+00:00,BTC/USDT,0.0009419029055088238,0.0,0.0,0.0,0.0,1.0,5.1040628212500004e-05,4.89593717875e-05,9.7918743575e-05,9.7918743575e-05,1.0,0.0,0.0,0.05044000506775485,0.1008800101355097,0.9999755203141063
2025-10-13T08:18:17.647297+00:00,BTC/USDT,0.00011285995815500014,0.0,0.0,0.0,0.0,1.0,8.54862489332e-05,1.4513751066800002e-05,2.9027502133600005e-05,2.9027502133600005e-05,1.0,0.0,0.0,-0.017683722611033334,0.03536744522206667,0.9999927431244666
2025-10-13T12:23:41.726330+00:00,BTC/USDT,-0.0018711763677679235,0.0,0.0,0.0,0.0,1.0,7.772216015875e-05,2.227783984125e-05,4.45556796825e-05,4.45556796825e-05,1.0,0.0,0.0,-0.1527445721938554,0.3054891443877108,0.9999888610800793
2025-10-13T16:14:47.151509+00:00,BTC/USDT,0.004452797202797152,0.0,0.0,0.0,0.0,1.0,7.392210284075e-05,2.6077897159250002e-05,5.2155794318500004e-05,5.2155794318500004e-05,1.0,0.0,0.0,0.2704715267660222,0.5409430535320444,0.9999869610514204
2025-10-13T20:13:49.989861+00:00,BTC/USDT,-0.0010287239418007058,0.0,0.0,0.0,0.0,1.0,6.520324064e-05,3.479675936e-05,6.959351872e-05,6.959351872e-05,1.0,0.0,0.0,-0.09129102181424326,0.1825820436284865,0.99998260162032
2025-10-14T00:53:39.676206+00:00,BTC/USDT,-4.959281687197301e-05,0.0,0.0,0.0,0.0,1.0,7.493102370125e-05,2.5068976298750002e-05,5.0137952597500004e-05,5.0137952597500004e-05,1.0,0.0,0.0,-0.025908798894242403,0.051817597788484805,0.9999874655118506
2025-10-14T04:14:53.042852+00:00,BTC/USDT,-0.0006472577523224488,0.0,0.0,0.0,0.0,1.0,8.313591013905e-05,1.686408986095e-05,3.37281797219e-05,3.37281797219e-05,1.0,0.0,0.0,-0.07012834835676857,0.14025669671353713,0.9999915679550695
2025-10-14T08:15:42.268296+00:00,BTC/USDT,0.0032030801263641063,0.0,0.0,0.0,0.0,1.0,8.663920891690001e-05,1.3360791083100002e-05,2.6721582166200003e-05,2.6721582166200003e-05,1.0,0.0,0.0,0.19092285804783235,0.3818457160956647,0.9999933196044585
2025-10-14T12:24:27.847050+00:00,BTC/USDT,-0.0010002655970757835,0.0,0.0,0.0,0.0,1.0,7.911574265880001e-05,2.08842573412e-05,4.17685146824e-05,4.17685146824e-05,1.0,0.0,0.0,-0.09347132884677774,0.18694265769355548,0.9999895578713294
2025-10-14T16:15:06.699093+00:00,BTC/USDT,-0.002719139101930012,0.0,0.0,0.0,0.0,1.0,4.4810231528500005e-05,5.51897684715e-05,0.000110379536943,0.000110379536943,1.0,0.0,0.0,-0.19921746162550158,0.39843492325100316,0.9999724051157642
2025-10-14T20:13:25.663465+00:00,BTC/USDT,-7.115538557350444e-06,0.0,0.0,0.0,0.0,1.0,5.528623132125e-05,4.471376867875e-05,8.94275373575e-05,8.94275373575e-05,1.0,0.0,0.0,-0.017067079037405758,0.034134158074811516,0.9999776431156606
2025-10-15T00:54:52.849445+00:00,BTC/USDT,0.0006008401127240115,0.0,0.0,0.0,0.0,1.0,8.825578659125001e-05,1.1744213408750003e-05,2.3488426817500007e-05,2.3488426817500007e-05,1.0,0.0,0.0,0.015600062554152729,0.031200125108305457,0.9999941278932957
2025-10-15T04:14:59.742704+00:00,BTC/USDT,0.001041112308648604,0.0,0.0,0.0,0.0,1.0,8.99175608345e-05,1.0082439165500003e-05,2.0164878331000005e-05,2.0164878331000005e-05,1.0,0.0,0.0,0.045712884184664654,0.09142576836932931,0.9999949587804172
2025-10-15T08:17:28.256866+00:00,BTC/USDT,-0.00013103375004429392,0.0,0.0,0.0,0.0,1.0,8.551273091665e-05,1.4487269083350002e-05,2.8974538166700003e-05,2.8974538166700003e-05,1.0,0.0,0.0,-0.0347633086528577,0.0695266173057154,0.9999927563654584
2025-10-15T12:25:05.197287+00:00,BTC/USDT,0.0009754962501566164,0.0,0.0,0.0,0.0,1.0,8.26645019866e-05,1.7335498013400005e-05,3.467099602680001e-05,3.467099602680001e-05,1.0,0.0,0.0,0.04332594477174113,0.08665188954348226,0.9999913322509933
2025-10-15T16:13:01.477135+00:00,BTC/USDT,0.0029739272134709396,0.0,0.0,0.0,0.0,1.0,7.263019147880001e-05,2.73698085212e-05,5.47396170424e-05,5.47396170424e-05,1.0,0.0,0.0,0.18049652637737415,0.3609930527547483,0.9999863150957394
2025-10-15T20:14:02.321051+00:00,BTC/USDT,0.0003700144593028738,0.0,0.0,0.0,0.0,1.0,2.4920549978350004e-05,7.507945002165e-05,0.0001501589000433,0.0001501589000433,1.0,0.0,0.0,0.018414580474508155,0.03682916094901631,0.9999624602749891
2025-10-16T00:54:47.323849+00:00,BTC/USDT,0.000622265699301623,0.0,0.0,0.0,0.0,1.0,5.6757824066900003e-05,4.32421759331e-05,8.64843518662e-05,8.64843518662e-05,1.0,0.0,0.0,0.02649337764522244,0.05298675529044488,0.9999783789120334
2025-10-16T04:14:45.777419+00:00,BTC/USDT,-0.0019635029966902228,0.0,0.0,0.0,0.0,1.0,7.68462365197e-05,2.3153763480299998e-05,4.63075269606e-05,4.63075269606e-05,1.0,0.0,0.0,-0.15871429944752877,0.31742859889505753,0.9999884231182599
2025-10-16T08:17:42.243862+00:00,BTC/USDT,-0.0004856212696689916,0.0,0.0,0.0,0.0,1.0,4.165037368915e-05,5.8349626310850005e-05,0.00011669925262170001,0.00011669925262170001,1.0,0.0,0.0,-0.04645468380625229,0.09290936761250458,0.9999708251868445
2025-10-16T12:23:58.771489+00:00,BTC/USDT,-0.0022584209843457977,0.0,0.0,0.0,0.0,1.0,6.543058854765e-05,3.456941145235e-05,6.91388229047e-05,6.91388229047e-05,1.0,0.0,0.0,-0.1750566415641147,0.3501132831282294,0.9999827152942738
2025-10-16T16:15:51.686647+00:00,BTC/USDT,0.0017794610932950516,0.0,0.0,0.0,0.0,1.0,5.3291963809650005e-05,4.670803619035e-05,9.34160723807e-05,9.34160723807e-05,1.0,0.0,0.0,0.10729149981159629,0.21458299962319258,0.9999766459819048
2025-10-16T20:13:48.599617+00:00,BTC/USDT,-0.0025009350800474965,0.0,0.0,0.0,0.0,1.0,4.20790677323e-05,5.79209322677e-05,0.0001158418645354,0.0001158418645354,1.0,0.0,0.0,-0.18412086638386616,0.3682417327677323,0.9999710395338661
2025-10-17T00:54:17.154750+00:00,BTC/USDT,-0.0008688049330449053,0.0,0.0,0.0,0.0,1.0,6.522753310070001e-05,3.47724668993e-05,6.95449337986e-05,6.95449337986e-05,1.0,0.0,0.0,-0.08020434269520092,0.16040868539040185,0.9999826137665504
2025-10-17T04:15:06.003517+00:00,BTC/USDT,-0.0016649113970420158,0.0,0.0,0.0,0.0,1.0,3.7950838350550006e-05,6.204916164945001e-05,0.0001240983232989,0.0001240983232989,1.0,0.0,0.0,-0.12685855623258885,0.2537171124651777,0.9999689754191753
2025-10-17T08:17:21.517966+00:00,BTC/USDT,0.00023290332125857689,0.0,0.0,0.0,0.0,1.0,6.747574533455e-05,3.252425466545e-05,6.50485093309e-05,6.50485093309e-05,1.0,0.0,0.0,-0.003911772612825312,0.007823545225650624,0.9999837378726673
2025-10-17T12:23:16.928276+00:00,BTC/USDT,-0.000986527207307524,0.0,0.0,0.0,0.0,1.0,5.135850630345e-05,2.8641493696550003e-05,5.7282987393100006e-05,5.7282987393100006e-05,1.0,0.0,0.0,-0.0842277637073059,0.1684555274146118,0.9999856792531517
2025-10-17T16:14:30.129971+00:00,BTC/USDT,-0.0012273147586000222,0.0,0.0,0.0,0.0,1.0,4.7775547042300004e-05,3.22244529577e-05,6.44489059154e-05,6.44489059154e-05,1.0,0.0,0.0,-0.0998050209379493,0.1996100418758986,0.9999838877735211
2025-10-17T20:13:48.830876+00:00,BTC/USDT,-0.0013567299713558119,0.0,0.0,0.0,0.0,1.0,2.4983634899e-05,4.3016365101e-05,8.6032730202e-05,8.6032730202e-05,1.0,0.0,0.0,-0.10188617201746358,0.20377234403492717,0.9999784918174495
2025-10-18T00:51:20.955192+00:00,BTC/USDT,-0.0014358052770991321,0.0,0.0,0.0,0.0,1.0,1.439426845455e-05,5.360573154545e-05,0.0001072114630909,0.0001072114630909,1.0,0.0,0.0,-0.10413934126395544,0.20827868252791087,0.9999731971342273
2025-10-18T04:13:50.030217+00:00,BTC/USDT,2.4412343256379564e-05,0.0,0.0,0.0,0.0,1.0,-2.98664884713e-05,1.0133511528700002e-05,-2.0267023057400005e-05,2.0267023057400005e-05,1.0,0.0,0.0,0.010666144012757547,0.021332288025515095,0.9999949332442356
2025-10-18T08:14:47.072562+00:00,BTC/USDT,0.00016928465542160597,0.0,0.0,0.0,0.0,1.0,-1.61673809388e-05,2.38326190612e-05,-4.7665238122400004e-05,4.7665238122400004e-05,1.0,0.0,0.0,0.01669858578921269,0.03339717157842538,0.9999880836904694
2025-10-18T12:20:38.467802+00:00,BTC/USDT,-0.0005567471789610845,0.0,0.0,0.0,0.0,1.0,4.158440665485e-05,5.8415593345150006e-05,0.00011683118669030001,0.00011683118669030001,1.0,0.0,0.0,-0.05140022117366311,0.10280044234732622,0.9999707922033274
2025-10-18T16:13:02.350706+00:00,BTC/USDT,-0.0023448881252101698,0.0,0.0,0.0,0.0,1.0,2.27483008708e-05,7.72516991292e-05,0.0001545033982584,0.0001545033982584,1.0,0.0,0.0,-0.1680217569049018,0.3360435138098036,0.9999613741504354
2025-10-18T20:12:22.890610+00:00,BTC/USDT,-0.0008885653216848869,0.0,0.0,0.0,0.0,1.0,-1.13527599073e-05,2.5352759907300002e-05,5.0705519814600004e-05,5.0705519814600004e-05,1.0,0.0,0.0,-0.05863070764099784,0.11726141528199568,0.9999873236200464
2025-10-19T01:00:38.041449+00:00,BTC/USDT,0.0006818713998033336,0.0,0.0,0.0,0.0,1.0,-1.792181191375e-05,3.192181191375e-05,6.38436238275e-05,6.38436238275e-05,1.0,0.0,0.0,0.05303312845094456,0.10606625690188912,0.9999840390940431
2025-10-19T04:16:18.518640+00:00,BTC/USDT,-0.002221766411516292,0.0,0.0,0.0,0.0,1.0,-2.58953755205e-06,6.5895375520499995e-06,1.3179075104099999e-05,1.3179075104099999e-05,1.0,0.0,0.0,-0.15223731718375944,0.30447463436751887,0.999996705231224
2025-10-19T08:14:03.107271+00:00,BTC/USDT,-3.0916534724916954e-05,0.0,0.0,0.0,0.0,1.0,-6.1305498458e-06,1.01305498458e-05,2.0261099691599998e-05,2.0261099691599998e-05,1.0,0.0,0.0,-0.0003250086222855984,0.0006500172445711968,0.9999949347250771
2025-10-19T12:20:39.159065+00:00,BTC/USDT,0.00021385402138540213,0.0,0.0,0.0,0.0,1.0,4.39609686792e-05,5.60390313208e-05,0.0001120780626416,0.0001120780626416,1.0,0.0,0.0,0.0017876984285538078,0.0035753968571076156,0.9999719804843396
2025-10-19T16:13:13.737171+00:00,BTC/USDT,-0.000778518784994089,0.0,0.0,0.0,0.0,1.0,4.3177258084700004e-05,5.682274191530001e-05,0.0001136454838306,0.0001136454838306,1.0,0.0,0.0,-0.06733161603224405,0.1346632320644881,0.9999715886290423
2025-10-19T20:12:49.753844+00:00,BTC/USDT,-0.0015325318895108746,0.0,0.0,0.0,0.0,1.0,4.3663744155200004e-05,5.63362558448e-05,0.0001126725116896,0.0001126725116896,1.0,0.0,0.0,-0.11953599609893711,0.23907199219787423,0.9999718318720776
2025-10-20T00:58:48.300858+00:00,BTC/USDT,-0.001373340546839236,0.0,0.0,0.0,0.0,1.0,6.761464108370001e-05,3.2385358916300003e-05,6.477071783260001e-05,6.477071783260001e-05,1.0,0.0,0.0,-0.1157875184545737,0.2315750369091474,0.9999838073205418
2025-10-20T04:18:42.138317+00:00,BTC/USDT,-0.002113908101199245,0.0,0.0,0.0,0.0,1.0,4.70022674693e-05,2.0022674692999995e-06,-4.004534938599999e-06,4.004534938599999e-06,1.0,0.0,0.0,-0.15989845086442872,0.31979690172885744,0.9999989988662653
2025-10-20T08:17:15.986524+00:00,BTC/USDT,0.00014762273390096838,0.0,0.0,0.0,0.0,1.0,2.42401977333e-05,2.0759802266700002e-05,4.1519604533400004e-05,4.1519604533400004e-05,1.0,0.0,0.0,0.0030622054584572367,0.0061244109169144734,0.9999896200988666
2025-10-20T12:23:53.250194+00:00,BTC/USDT,-0.00039999999999994754,0.0,0.0,0.0,0.0,1.0,3.19398874538e-05,2.79398874538e-05,-5.58797749076e-05,5.58797749076e-05,1.0,0.0,0.0,-0.03756378541492621,0.07512757082985241,0.9999860300562731
2025-10-20T16:14:57.292050+00:00,BTC/USDT,-0.000740774077407767,0.0,0.0,0.0,0.0,1.0,2.081568176145e-05,1.6815681761450002e-05,-3.36313635229e-05,3.36313635229e-05,1.0,0.0,0.0,-0.0580033466100411,0.1160066932200822,0.9999915921591193
2025-10-20T20:14:39.098496+00:00,BTC/USDT,-0.001399029502057079,0.0,0.0,0.0,0.0,1.0,5.4117058822900005e-05,4.58829411771e-05,9.17658823542e-05,9.17658823542e-05,1.0,0.0,0.0,-0.11351737924192462,0.22703475848384924,0.9999770585294114
2025-10-21T00:56:01.498072+00:00,BTC/USDT,0.001264519523401269,0.0,0.0,0.0,0.0,1.0,6.0027751671300005e-05,3.99722483287e-05,7.99444966574e-05,7.99444966574e-05,1.0,0.0,0.0,0.07006084313228661,0.14012168626457322,0.9999800138758357
2025-10-21T04:14:49.414754+00:00,BTC/USDT,0.0013810083582476104,0.0,0.0,0.0,0.0,1.0,7.274642937375e-05,2.7253570626250002e-05,5.4507141252500004e-05,5.4507141252500004e-05,1.0,0.0,0.0,0.07427516308245002,0.14855032616490005,0.9999863732146869
2025-10-21T08:17:51.081902+00:00,BTC/USDT,0.0006671182163169709,0.0,0.0,0.0,0.0,1.0,8.528629695875e-05,1.4713703041250006e-05,2.942740608250001e-05,2.942740608250001e-05,1.0,0.0,0.0,0.02110508795761487,0.04221017591522974,0.9999926431484794
2025-10-21T12:24:15.185331+00:00,BTC/USDT,0.00017371110928257312,0.0,0.0,0.0,0.0,1.0,7.114603484115e-05,2.8853965158850004e-05,5.770793031770001e-05,5.770793031770001e-05,1.0,0.0,0.0,-0.009149316110494252,0.018298632220988504,0.9999855730174205
2025-10-21T16:19:07.260552+00:00,BTC/USDT,-0.00025534687552280073,0.0,0.0,0.0,0.0,1.0,7.55423450277e-05,2.44576549723e-05,4.89153099446e-05,4.89153099446e-05,1.0,0.0,0.0,-0.040490089845763015,0.08098017969152603,0.9999877711725138
2025-10-21T20:14:23.072450+00:00,BTC/USDT,-0.000140287769784225,0.0,0.0,0.0,0.0,1.0,5e-05,5e-05,-0.0001,0.0001,1.0,0.0,0.0,-0.024807012199981444,0.04961402439996289,0.999975
2025-10-22T00:57:12.514153+00:00,BTC/USDT,-0.001806265541371192,0.0,0.0,0.0,0.0,1.0,5e-05,5e-05,-0.0001,0.0001,1.0,0.0,0.0,-0.14006875178236852,0.28013750356473704,0.999975
2025-10-22T04:15:45.924015+00:00,BTC/USDT,-0.0001327556006268478,0.0,0.0,0.0,0.0,1.0,-6.19903776465e-06,1.780096223535e-05,-3.56019244707e-05,3.56019244707e-05,1.0,0.0,0.0,-0.007432658646341977,0.014865317292683955,0.9999910995188823
2025-10-22T08:18:33.162604+00:00,BTC/USDT,-0.0005777568244636106,0.0,0.0,0.0,0.0,1.0,-2.320658084375e-05,7.934191562499996e-07,-1.5868383124999992e-06,1.5868383124999992e-06,1.0,0.0,0.0,-0.033437313022628576,0.06687462604525715,0.9999996032904219
2025-10-22T12:24:28.599774+00:00,BTC/USDT,-0.0010465191661187105,0.0,0.0,0.0,0.0,1.0,4.6739215419750005e-05,5.326078458025e-05,0.0001065215691605,0.0001065215691605,1.0,0.0,0.0,-0.0870016360826431,0.1740032721652862,0.9999733696077099
2025-10-22T16:16:01.462895+00:00,BTC/USDT,-0.0011388786425673184,0.0,0.0,0.0,0.0,1.0,5.9731563307300004e-05,4.02684366927e-05,8.05368733854e-05,8.05368733854e-05,1.0,0.0,0.0,-0.09727679737075835,0.1945535947415167,0.9999798657816537
2025-10-22T20:15:03.250125+00:00,BTC/USDT,-0.0011020865554701464,0.0,0.0,0.0,0.0,1.0,9.522341836894999e-05,1.776581631050002e-06,3.553163262100004e-06,3.553163262100004e-06,1.0,0.0,0.0,-0.10531622528447011,0.21063245056894023,0.9999991117091844
2025-10-23T00:55:19.973003+00:00,BTC/USDT,0.0017686291266464245,0.0,0.0,0.0,0.0,1.0,9.107775396615e-05,5.9222460338499995e-06,1.1844492067699999e-05,1.1844492067699999e-05,1.0,0.0,0.0,0.09528107944983193,0.19056215889966385,0.9999970388769831
2025-10-23T04:15:14.124038+00:00,BTC/USDT,-0.0007724395060816653,0.0,0.0,0.0,0.0,1.0,2.242712558835e-05,2.0427125588349998e-05,-4.0854251176699996e-05,4.0854251176699996e-05,1.0,0.0,0.0,-0.06069049129488163,0.12138098258976326,0.9999897864372058
2025-10-23T08:17:16.961162+00:00,BTC/USDT,-0.0010703907153853862,0.0,0.0,0.0,0.0,1.0,2.594201361485e-05,2.394201361485e-05,-4.78840272297e-05,4.78840272297e-05,1.0,0.0,0.0,-0.0824233575390122,0.1648467150780244,0.9999880289931926
2025-10-23T12:24:13.205936+00:00,BTC/USDT,-0.001723222297507619,0.0,0.0,0.0,0.0,1.0,3.8e-05,6.2e-05,-0.000124,0.000124,1.0,0.0,0.0,-0.13084010051487713,0.26168020102975426,0.999969
2025-10-23T16:15:15.327600+00:00,BTC/USDT,-0.000292788492139239,0.0,0.0,0.0,0.0,1.0,4.389733991600001e-06,2.83897339916e-05,-5.67794679832e-05,5.67794679832e-05,1.0,0.0,0.0,-0.021806251687157656,0.04361250337431531,0.9999858051330042
2025-10-23T20:13:17.069339+00:00,BTC/USDT,-0.0008847302118983205,0.0,0.0,0.0,0.0,1.0,-2.284828448899999e-06,1.72848284489e-05,3.45696568978e-05,3.45696568978e-05,1.0,0.0,0.0,-0.061084583729639486,0.12216916745927897,0.9999913575857755
2025-10-24T00:51:55.615794+00:00,BTC/USDT,-0.0011273845041135258,0.0,0.0,0.0,0.0,1.0,-1.707615205999999e-06,1.6707615206e-05,3.3415230412e-05,3.3415230412e-05,1.0,0.0,0.0,-0.07807197875647078,0.15614395751294155,0.999991646192397
2025-10-24T04:15:02.480513+00:00,BTC/USDT,0.0007668246488404569,0.0,0.0,0.0,0.0,1.0,-1.65582588574e-05,1.74417411426e-05,-3.48834822852e-05,3.48834822852e-05,1.0,0.0,0.0,0.05853978408965736,0.11707956817931472,0.9999912791294286
2025-10-24T08:16:46.251769+00:00,BTC/USDT,-0.0006947385494292135,0.0,0.0,0.0,0.0,1.0,1.2533569300900001e-05,4.65335693009e-05,-9.30671386018e-05,9.30671386018e-05,1.0,0.0,0.0,-0.05231348094946718,0.10462696189893436,0.9999767332153495
2025-10-24T12:24:15.389241+00:00,BTC/USDT,6.488912521345448e-05,0.0,0.0,0.0,0.0,1.0,1.0750216905350001e-05,7.475021690534999e-05,-0.00014950043381069998,0.00014950043381069998,1.0,0.0,0.0,0.00131723417406168,0.00263446834812336,0.9999626248915473
2025-10-24T16:15:03.197949+00:00,BTC/USDT,-9.911163243218291e-05,0.0,0.0,0.0,0.0,1.0,-2.48734617068e-05,3.9126538293200004e-05,-7.82530765864e-05,7.82530765864e-05,1.0,0.0,0.0,0.0005229128894885015,0.001045825778977003,0.9999804367308534
2025-10-24T20:13:32.115578+00:00,BTC/USDT,0.00013836512113733337,0.0,0.0,0.0,0.0,1.0,2.127350730845e-05,2.8726492691550002e-05,5.7452985383100004e-05,5.7452985383100004e-05,1.0,0.0,0.0,0.0033038508214530294,0.006607701642906059,0.9999856367536543
2025-10-25T00:53:51.033532+00:00,BTC/USDT,-0.0024540707270218876,0.0,0.0,0.0,0.0,1.0,1.4770080149000002e-05,3.5229919851e-05,7.0459839702e-05,7.0459839702e-05,1.0,0.0,0.0,-0.1728481894603269,0.3456963789206538,0.9999823850400745
2025-10-25T04:14:15.438089+00:00,BTC/USDT,0.0006991778353418703,0.0,0.0,0.0,0.0,1.0,2.4381581852200003e-05,3.93815818522e-05,-7.87631637044e-05,7.87631637044e-05,1.0,0.0,0.0,0.041549826941350475,0.08309965388270095,0.9999803092090739
2025-10-25T08:14:19.359517+00:00,BTC/USDT,-0.002414629127638013,0.0,0.0,0.0,0.0,1.0,1.3943349334500002e-05,2.89433493345e-05,-5.7886698669e-05,5.7886698669e-05,1.0,0.0,0.0,-0.16999667214442185,0.3399933442888437,0.9999855283253327
2025-10-25T12:20:42.953212+00:00,BTC/USDT,-0.00045219696087824706,0.0,0.0,0.0,0.0,1.0,-2.3190665677199998e-05,5.08093343228e-05,-0.0001016186686456,0.0001016186686456,1.0,0.0,0.0,-0.024676276690749708,0.049352553381499416,0.9999745953328386
2025-10-25T16:13:12.182747+00:00,BTC/USDT,-0.0011412960450048078,0.0,0.0,0.0,0.0,1.0,-2.6911674630449998e-05,4.7088325369549995e-05,-9.417665073909999e-05,9.417665073909999e-05,1.0,0.0,0.0,-0.07147409307768356,0.1429481861553671,0.9999764558373152
2025-10-25T20:12:52.299655+00:00,BTC/USDT,-0.0009373321396597769,0.0,0.0,0.0,0.0,1.0,-2.911024215945e-05,2.889757840549999e-06,-5.779515681099998e-06,5.779515681099998e-06,1.0,0.0,0.0,-0.05669115854395948,0.11338231708791896,0.9999985551210797
2025-10-26T00:58:54.546589+00:00,BTC/USDT,-0.0012772808586762336,0.0,0.0,0.0,0.0,1.0,-1.5501699283499998e-05,1.64983007165e-05,-3.2996601433e-05,3.2996601433e-05,1.0,0.0,0.0,-0.08427645141404529,0.16855290282809057,0.9999917508496418
2025-10-26T04:14:14.901611+00:00,BTC/USDT,0.00022915786730411496,0.0,0.0,0.0,0.0,1.0,8.15562130775e-06,1.5844378692250002e-05,3.1688757384500005e-05,3.1688757384500005e-05,1.0,0.0,0.0,0.013591611257098856,0.027183222514197712,0.9999920778106539
2025-10-26T08:15:05.103712+00:00,BTC/USDT,-0.0003086985893816633,0.0,0.0,0.0,0.0,1.0,1.877112139155e-05,5.22887860845e-06,1.04577572169e-05,1.04577572169e-05,1.0,0.0,0.0,-0.027232714918517427,0.054465429837034854,0.9999973855606957
2025-10-26T12:20:59.344821+00:00,BTC/USDT,-0.0008228714252397108,0.0,0.0,0.0,0.0,1.0,2.448734886345e-05,4.748734886345e-05,-9.497469772690001e-05,9.497469772690001e-05,1.0,0.0,0.0,-0.06481607881084757,0.12963215762169514,0.9999762563255683
2025-10-26T16:13:27.718799+00:00,BTC/USDT,-0.001066640830059769,0.0,0.0,0.0,0.0,1.0,2.0780760905e-05,4.3780760905e-05,-8.756152181e-05,8.756152181e-05,1.0,0.0,0.0,-0.08061631218595407,0.16123262437190813,0.9999781096195475
2025-10-26T20:13:22.990290+00:00,BTC/USDT,-0.0008096024666886394,0.0,0.0,0.0,0.0,1.0,-5.923024419825e-05,0.00010376975580175,-0.0002075395116035,0.0002075395116035,1.0,0.0,0.0,-0.03880035293625525,0.0776007058725105,0.9999481151220991
2025-10-27T01:00:22.691385+00:00,BTC/USDT,-0.000207431811149921,0.0,0.0,0.0,0.0,1.0,-3.45269501257e-05,0.0001284730498743,-0.0002569460997486,0.0002569460997486,1.0,0.0,0.0,-0.004164173547044349,0.008328347094088698,0.9999357634750629
2025-10-27T04:22:59.294660+00:00,BTC/USDT,-0.0004218750000000505,0.0,0.0,0.0,0.0,1.0,4.85e-05,5.1500000000000005e-05,-0.00010300000000000001,0.00010300000000000001,1.0,0.0,0.0,-0.04405234501492171,0.08810469002984342,0.99997425
2025-10-27T08:18:03.194542+00:00,BTC/USDT,-0.0001524271424241616,0.0,0.0,0.0,0.0,1.0,2.8131349525400002e-05,3.11313495254e-05,-6.22626990508e-05,6.22626990508e-05,1.0,0.0,0.0,-0.01910625302064578,0.03821250604129156,0.9999844343252373
2025-10-27T12:24:14.501678+00:00,BTC/USDT,-0.0002508147138845834,0.0,0.0,0.0,0.0,1.0,3.9500000000000005e-05,6.050000000000001e-05,-0.000121,0.000121,1.0,0.0,0.0,-0.02939719016113524,0.05879438032227048,0.99996975
2025-10-27T16:15:48.134467+00:00,BTC/USDT,0.003215795178048273,0.0,0.0,0.0,0.0,1.0,1.9645830302950003e-05,4.064583030295e-05,-8.12916606059e-05,8.12916606059e-05,1.0,0.0,0.0,0.21176111059203728,0.42352222118407457,0.9999796770848485
2025-10-27T20:12:02.561703+00:00,BTC/USDT,-0.001090269432398045,0.0,0.0,0.0,0.0,1.0,-8.180113886595e-05,7.519886113405e-05,-0.0001503977222681,0.0001503977222681,1.0,0.0,0.0,-0.05153214249918455,0.1030642849983691,0.999962400569433
2025-10-28T00:54:08.459411+00:00,BTC/USDT,-0.0007844857844857334,0.0,0.0,0.0,0.0,1.0,-2.8499999999999995e-05,0.0001285,-0.000257,0.000257,1.0,0.0,0.0,-0.04625394547972312,0.09250789095944624,0.99993575
2025-10-28T04:14:58.885465+00:00,BTC/USDT,-0.00042579155528047375,0.0,0.0,0.0,0.0,1.0,9.05e-05,9.5e-06,-1.9e-05,1.9e-05,1.0,0.0,0.0,-0.05686352993993243,0.11372705987986487,0.99999525
2025-10-28T08:17:25.332913+00:00,BTC/USDT,-0.00010780017528486337,0.0,0.0,0.0,0.0,1.0,8.160118616800001e-05,6.011861679999984e-07,-1.2023723359999968e-06,1.2023723359999968e-06,1.0,0.0,0.0,-0.031971883946137404,0.06394376789227481,0.999999699406916
2025-10-28T12:23:32.954568+00:00,BTC/USDT,-0.0008864168874679492,0.0,0.0,0.0,0.0,1.0,-6.349618679000001e-06,9.349618679e-06,1.8699237358e-05,1.8699237358e-05,1.0,0.0,0.0,-0.059982317245271206,0.11996463449054241,0.9999953251906605
2025-10-28T16:16:14.535440+00:00,BTC/USDT,1.0453963358833073e-05,0.0,0.0,0.0,0.0,1.0,2.1240828916499998e-05,1.8240828916499996e-05,-3.6481657833e-05,3.6481657833e-05,1.0,0.0,0.0,-0.005639513350870466,0.011279026701740932,0.9999908795855418
2025-10-28T20:14:46.847427+00:00,BTC/USDT,-0.0011582072120297309,0.0,0.0,0.0,0.0,1.0,5.87557450626e-05,6.755745062600004e-06,-1.3511490125200008e-05,1.3511490125200008e-05,1.0,0.0,0.0,-0.0983203841527123,0.1966407683054246,0.9999966221274686
2025-10-29T00:58:07.498920+00:00,BTC/USDT,-0.00015910828251937013,0.0,0.0,0.0,0.0,1.0,3.161256326655e-05,2.038743673345e-05,4.07748734669e-05,4.07748734669e-05,1.0,0.0,0.0,-0.020617251056542718,0.041234502113085436,0.9999898062816333
2025-10-29T04:19:25.890359+00:00,BTC/USDT,-0.0005217298716970676,0.0,0.0,0.0,0.0,1.0,2.19735462021e-05,7.00264537979e-05,0.0001400529075958,0.0001400529075958,1.0,0.0,0.0,-0.04307899310704738,0.08615798621409476,0.9999649867731011
2025-10-29T08:17:47.257305+00:00,BTC/USDT,-0.00028495683742024,0.0,0.0,0.0,0.0,1.0,5.17383693975e-06,8.682616306025001e-05,0.00017365232612050001,0.00017365232612050001,1.0,0.0,0.0,-0.021493718596134023,0.042987437192268045,0.9999565869184699
2025-10-29T12:24:57.047519+00:00,BTC/USDT,-0.0008377148411611621,0.0,0.0,0.0,0.0,1.0,5.349668548275e-05,2.350331451725e-05,4.70066290345e-05,4.70066290345e-05,1.0,0.0,0.0,-0.0745369638186315,0.149073927637263,0.9999882483427414
2025-10-29T16:16:12.674066+00:00,BTC/USDT,-0.0005083335207719472,0.0,0.0,0.0,0.0,1.0,7.251815070705e-05,4.48184929295e-06,8.9636985859e-06,8.9636985859e-06,1.0,0.0,0.0,-0.05727011744878253,0.11454023489756505,0.9999977590753535
2025-10-29T20:14:05.681522+00:00,BTC/USDT,0.0005404475666280153,0.0,0.0,0.0,0.0,1.0,5.6745024129650006e-05,4.325497587035e-05,8.65099517407e-05,8.65099517407e-05,1.0,0.0,0.0,0.020789280756045265,0.04157856151209053,0.9999783725120648
2025-10-30T00:57:49.888669+00:00,BTC/USDT,-0.0004125595429275064,0.0,0.0,0.0,0.0,1.0,5.6164768486e-05,4.3835231514000004e-05,8.767046302800001e-05,8.767046302800001e-05,1.0,0.0,0.0,-0.04569453032187193,0.09138906064374386,0.999978082384243
2025-10-30T04:15:08.211368+00:00,BTC/USDT,-0.00015454545454545454,0.0,0.0,0.0,0.0,1.0,4.05059707655e-05,2.24940292345e-05,4.4988058469e-05,4.4988058469e-05,1.0,0.0,0.0,-0.022962470255666334,0.04592494051133267,0.9999887529853827
2025-10-30T08:17:03.163550+00:00,BTC/USDT,0.00010012402751160961,0.0,0.0,0.0,0.0,1.0,2.81533753887e-05,3.48466246113e-05,6.96932492226e-05,6.96932492226e-05,1.0,0.0,0.0,-0.0014353341194057396,0.002870668238811479,0.9999825766876943
2025-10-30T12:23:38.464917+00:00,BTC/USDT,-0.00039651288437943363,0.0,0.0,0.0,0.0,1.0,6.198158690545001e-05,3.801841309455e-05,7.60368261891e-05,7.60368261891e-05,1.0,0.0,0.0,-0.04631206591082976,0.09262413182165952,0.9999809907934527
2025-10-30T16:16:07.358899+00:00,BTC/USDT,4.6289438601688636e-05,0.0,0.0,0.0,0.0,1.0,6.6456648321e-05,3.3543351679e-05,6.7086703358e-05,6.7086703358e-05,1.0,0.0,0.0,-0.016667458208622563,0.033334916417245126,0.9999832283241605
2025-10-30T20:13:58.604234+00:00,BTC/USDT,-0.0018479936469379447,0.0,0.0,0.0,0.0,1.0,5.93241983595e-05,4.06758016405e-05,8.135160328100001e-05,8.135160328100001e-05,1.0,0.0,0.0,-0.1456832297813674,0.2913664595627348,0.9999796620991798
2025-10-31T00:56:12.526581+00:00,BTC/USDT,-0.0009985186810774957,0.0,0.0,0.0,0.0,1.0,6.666238496725e-05,3.3337615032750006e-05,6.66752300655e-05,6.66752300655e-05,1.0,0.0,0.0,-0.08963407657985828,0.17926815315971656,0.9999833311924836
2025-10-31T04:16:41.921953+00:00,BTC/USDT,-0.001620365084511942,0.0,0.0,0.0,0.0,1.0,4.668909007625e-05,5.3310909923750005e-05,0.00010662181984750001,0.00010662181984750001,1.0,0.0,0.0,-0.12643973611688086,0.2528794722337617,0.9999733445450382
2025-10-31T08:16:40.438523+00:00,BTC/USDT,0.0008018269939268545,0.0,0.0,0.0,0.0,1.0,4.504307931295e-05,5.495692068705e-05,0.0001099138413741,0.0001099138413741,1.0,0.0,0.0,0.042504118575678866,0.08500823715135773,0.9999725215396564
2025-10-31T12:24:39.576574+00:00,BTC/USDT,-9.06758067879909e-05,0.0,0.0,0.0,0.0,1.0,8.335441645755e-05,7.3544164575499956e-06,-1.4708832915099991e-05,1.4708832915099991e-05,1.0,0.0,0.0,-0.031295703655920035,0.06259140731184007,0.9999963227917712
2025-10-31T16:15:10.827765+00:00,BTC/USDT,0.00034628493524204335,0.0,0.0,0.0,0.0,1.0,4.22486879911e-05,3.37513120089e-05,6.75026240178e-05,6.75026240178e-05,1.0,0.0,0.0,0.011563190551489135,0.02312638110297827,0.9999831243439955
2025-10-31T20:14:19.375000+00:00,BTC/USDT,-0.001122971274522331,0.0,0.0,0.0,0.0,1.0,6.239555768150001e-05,3.7604442318500004e-05,7.520888463700001e-05,7.520888463700001e-05,1.0,0.0,0.0,-0.09697362826162577,0.19394725652325154,0.9999811977788408
2025-11-01T00:59:06.137272+00:00,BTC/USDT,-8.480101396483867e-05,0.0,0.0,0.0,0.0,1.0,5.2545815573050005e-05,4.745418442695e-05,9.49083688539e-05,9.49083688539e-05,1.0,0.0,0.0,-0.021685181137774543,0.043370362275549086,0.9999762729077866
2025-11-01T04:13:43.736958+00:00,BTC/USDT,0.00021051867445825097,0.0,0.0,0.0,0.0,1.0,2.25177736593e-05,3.74822263407e-05,7.49644526814e-05,7.49644526814e-05,1.0,0.0,0.0,0.007979940081554601,0.015959880163109202,0.9999812588868296
2025-11-01T08:14:42.650109+00:00,BTC/USDT,0.00014895684792772123,0.0,0.0,0.0,0.0,1.0,2.10137488924e-05,3.89862511076e-05,7.79725022152e-05,7.79725022152e-05,1.0,0.0,0.0,0.0041230113276108735,0.008246022655221747,0.9999805068744462
2025-11-01T12:20:46.392025+00:00,BTC/USDT,-0.000958219800181653,0.0,0.0,0.0,0.0,1.0,8.62434646847e-05,9.756535315300001e-06,1.9513070630600003e-05,1.9513070630600003e-05,1.0,0.0,0.0,-0.09267992747159325,0.1853598549431865,0.9999951217323424
2025-11-01T16:12:57.533860+00:00,BTC/USDT,-0.0007103025580857544,0.0,0.0,0.0,0.0,1.0,7.298683643855e-05,2.3013163561450003e-05,4.6026327122900006e-05,4.6026327122900006e-05,1.0,0.0,0.0,-0.071494981042318,0.142989962084636,0.9999884934182193
2025-11-01T20:11:56.695740+00:00,BTC/USDT,-0.0002538980146082036,0.0,0.0,0.0,0.0,1.0,6.301846649225e-05,3.698153350775e-05,7.39630670155e-05,7.39630670155e-05,1.0,0.0,0.0,-0.03664959590780179,0.07329919181560358,0.9999815092332461
2025-11-02T00:59:50.355431+00:00,BTC/USDT,-0.0018436695381289932,0.0,0.0,0.0,0.0,1.0,8.3701208097e-05,1.6298791903e-05,3.2597583806e-05,3.2597583806e-05,1.0,0.0,0.0,-0.15266610081656204,0.3053322016331241,0.9999918506040485
2025-11-02T04:15:54.660258+00:00,BTC/USDT,0.0006911321380991138,0.0,0.0,0.0,0.0,1.0,7.52360137994e-05,7.63986200600004e-07,1.527972401200008e-06,1.527972401200008e-06,1.0,0.0,0.0,0.025774053217297983,0.05154810643459597,0.9999996180068997
2025-11-02T08:14:20.958747+00:00,BTC/USDT,-0.0004215847796158531,0.0,0.0,0.0,0.0,1.0,6.60916083567e-05,9.908391643300002e-06,1.9816783286600005e-05,1.9816783286600005e-05,1.0,0.0,0.0,-0.049292126745852864,0.09858425349170573,0.9999950458041783
2025-11-02T12:20:21.472033+00:00,BTC/USDT,-0.0021273726138990065,0.0,0.0,0.0,0.0,1.0,3.98687230063e-05,2.9868723006299998e-05,-5.9737446012599995e-05,5.9737446012599995e-05,1.0,0.0,0.0,-0.1586637978599512,0.3173275957199024,0.9999850656384969
2025-11-02T16:13:18.768314+00:00,BTC/USDT,-0.0007000136543625159,0.0,0.0,0.0,0.0,1.0,2.046932371705e-05,1.046932371705e-05,-2.09386474341e-05,2.09386474341e-05,1.0,0.0,0.0,-0.055061013966654644,0.11012202793330929,0.9999947653381415
2025-11-02T20:12:14.392579+00:00,BTC/USDT,-0.0011957454342407842,0.0,0.0,0.0,0.0,1.0,3.83012344392e-05,6.98765560800001e-07,1.397531121600002e-06,1.397531121600002e-06,1.0,0.0,0.0,-0.09479027713120548,0.18958055426241097,0.9999996506172196
2025-11-03T00:59:17.776151+00:00,BTC/USDT,-0.00037328380494555517,0.0,0.0,0.0,0.0,1.0,4.461667026255e-05,5.6166702625499995e-06,-1.1233340525099999e-05,1.1233340525099999e-05,1.0,0.0,0.0,-0.03949386312517257,0.07898772625034514,0.9999971916648688
2025-11-03T04:21:34.342026+00:00,BTC/USDT,-0.0012886621884029424,0.0,0.0,0.0,0.0,1.0,7.204300026085e-05,2.7956999739150004e-05,5.591399947830001e-05,5.591399947830001e-05,1.0,0.0,0.0,-0.11128589643146644,0.22257179286293288,0.9999860215001304
2025-11-03T08:18:29.422886+00:00,BTC/USDT,-0.0012116650638121379,0.0,0.0,0.0,0.0,1.0,8.61851322194e-05,1.3814867780600003e-05,2.7629735561200005e-05,2.7629735561200005e-05,1.0,0.0,0.0,-0.11019561658389018,0.22039123316778036,0.9999930925661097
2025-11-03T12:24:57.020959+00:00,BTC/USDT,-0.0010144445060940382,0.0,0.0,0.0,0.0,1.0,9.103984481660001e-05,8.9601551834e-06,1.79203103668e-05,1.79203103668e-05,1.0,0.0,0.0,-0.09800526938102364,0.19601053876204727,0.9999955199224083
2025-11-03T16:15:07.437446+00:00,BTC/USDT,0.00032364749786518065,0.0,0.0,0.0,0.0,1.0,6.43671369567e-05,3.56328630433e-05,7.12657260866e-05,7.12657260866e-05,1.0,0.0,0.0,0.0033639007747053584,0.006727801549410717,0.9999821835684783
2025-11-03T20:14:24.517418+00:00,BTC/USDT,-0.0012588446707349032,0.0,0.0,0.0,0.0,1.0,4.247044914175e-05,5.7529550858250003e-05,0.00011505910171650001,0.00011505910171650001,1.0,0.0,0.0,-0.10039006672816154,0.2007801334563231,0.9999712352245709
2025-11-04T00:56:32.881672+00:00,BTC/USDT,-0.0006361406838746989,0.0,0.0,0.0,0.0,1.0,8.378053159940001e-05,1.62194684006e-05,3.24389368012e-05,3.24389368012e-05,1.0,0.0,0.0,-0.06954539497415291,0.13909078994830582,0.9999918902657997
2025-11-04T04:15:13.042301+00:00,BTC/USDT,-0.0007705044192066959,0.0,0.0,0.0,0.0,1.0,9.43814367344e-05,5.618563265600001e-06,1.1237126531200002e-05,1.1237126531200002e-05,1.0,0.0,0.0,-0.08205948423508005,0.1641189684701601,0.9999971907183672
2025-11-04T08:17:42.148780+00:00,BTC/USDT,-0.0019402073849023687,0.0,0.0,0.0,0.0,1.0,7.927004131935e-05,2.0729958680650003e-05,4.1459917361300005e-05,4.1459917361300005e-05,1.0,0.0,0.0,-0.1578669164204458,0.3157338328408916,0.9999896350206596
2025-11-04T12:25:47.514659+00:00,BTC/USDT,-0.000763916950489659,0.0,0.0,0.0,0.0,1.0,0.0001,0.0,0.0,0.0,1.0,0.0,0.0,-0.08327080754911942,0.16654161509823884,1.0
2025-11-04T16:15:59.704936+00:00,BTC/USDT,-5.240632369633621e-05,0.0,0.0,0.0,0.0,1.0,8.20409392568e-05,1.7959060743200002e-05,3.5918121486400005e-05,3.5918121486400005e-05,1.0,0.0,0.0,-0.02822561969118022,0.05645123938236044,0.9999910204696284
2025-11-04T20:14:34.477069+00:00,BTC/USDT,0.001891964632821329,0.0,0.0,0.0,0.0,1.0,0.0001,0.0,0.0,0.0,1.0,0.0,0.0,0.10097921476001455,0.2019584295200291,1.0
2025-11-05T00:58:07.533230+00:00,BTC/USDT,0.0019006634391250067,0.0,0.0,0.0,0.0,1.0,7.389002740800001e-05,2.6109972592000003e-05,5.2219945184000006e-05,5.2219945184000006e-05,1.0,0.0,0.0,0.10934039319020836,0.21868078638041671,0.999986945013704
2025-11-05T04:16:09.305864+00:00,BTC/USDT,-0.0033668946487804014,0.0,0.0,0.0,0.0,1.0,6.941015877525e-05,3.058984122475e-05,6.11796824495e-05,6.11796824495e-05,1.0,0.0,0.0,-0.24795275434959732,0.49590550869919464,0.9999847050793876
2025-11-05T08:17:38.988121+00:00,BTC/USDT,-0.0015772280929610457,0.0,0.0,0.0,0.0,1.0,9.39101376987e-05,6.089862301300001e-06,1.2179724602600001e-05,1.2179724602600001e-05,1.0,0.0,0.0,-0.13758999340842276,0.2751799868168455,0.9999969550688493
2025-11-05T12:24:18.150816+00:00,BTC/USDT,-0.0002236360884192071,0.0,0.0,0.0,0.0,1.0,9.845476403895e-05,1.5452359610500016e-06,3.090471922100003e-06,3.090471922100003e-06,1.0,0.0,0.0,-0.045093279185540326,0.09018655837108065,0.9999992273820195
2025-11-05T16:16:12.929557+00:00,BTC/USDT,-0.0006372413926479766,0.0,0.0,0.0,0.0,1.0,7.236664265035e-05,2.763335734965e-05,5.52667146993e-05,5.52667146993e-05,1.0,0.0,0.0,-0.06621879011275687,0.13243758022551375,0.9999861833213252
2025-11-05T20:14:06.896610+00:00,BTC/USDT,0.00026232270479595006,0.0,0.0,0.0,0.0,1.0,6.71289489887e-05,3.2871051011300006e-05,6.574210202260001e-05,6.574210202260001e-05,1.0,0.0,0.0,-0.001750110301116374,0.003500220602232748,0.9999835644744943
2025-11-06T00:57:08.927257+00:00,BTC/USDT,0.0007942604536560339,0.0,0.0,0.0,0.0,1.0,5.8185119889450004e-05,4.181488011055e-05,8.36297602211e-05,8.36297602211e-05,1.0,0.0,0.0,0.03804574828465925,0.0760914965693185,0.9999790925599448
2025-11-06T04:18:52.560755+00:00,BTC/USDT,0.00045439854901190816,0.0,0.0,0.0,0.0,1.0,9.192686129505e-05,8.07313870495e-06,1.61462774099e-05,1.61462774099e-05,1.0,0.0,0.0,0.00428538754217031,0.00857077508434062,0.9999959634306476
2025-11-06T08:17:14.231878+00:00,BTC/USDT,0.0006400139428151495,0.0,0.0,0.0,0.0,1.0,0.0001,0.0,0.0,0.0,1.0,0.0,0.0,0.014839506739391321,0.029679013478782643,1.0
2025-11-06T12:24:01.205685+00:00,BTC/USDT,6.510574825450604e-05,0.0,0.0,0.0,0.0,1.0,0.0001,0.0,0.0,0.0,1.0,0.0,0.0,-0.025343060401005785,0.05068612080201157,1.0
2025-11-06T16:16:30.314330+00:00,BTC/USDT,0.0006708475958020745,0.0,0.0,0.0,0.0,1.0,7.03782834788e-05,2.96217165212e-05,5.92434330424e-05,5.92434330424e-05,1.0,0.0,0.0,0.02581031869337141,0.05162063738674282,0.9999851891417394
2025-11-06T20:14:01.212125+00:00,BTC/USDT,-0.0022076598510173953,0.0,0.0,0.0,0.0,1.0,4.6842115039350004e-05,5.315788496065e-05,0.0001063157699213,0.0001063157699213,1.0,0.0,0.0,-0.16611597667122155,0.3322319533424431,0.9999734210575196
2025-11-07T00:56:45.902456+00:00,BTC/USDT,-0.0023383003756048816,0.0,0.0,0.0,0.0,1.0,8.1169705917e-05,1.8830294083000005e-05,3.766058816600001e-05,3.766058816600001e-05,1.0,0.0,0.0,-0.18505926303979006,0.3701185260795801,0.9999905848529586
2025-11-07T04:15:39.473654+00:00,BTC/USDT,-0.00013879455452859877,0.0,0.0,0.0,0.0,1.0,7.79719651875e-05,2.2028034812500003e-05,4.4056069625000006e-05,4.4056069625000006e-05,1.0,0.0,0.0,-0.03305929549872069,0.06611859099744138,0.9999889859825938
2025-11-07T08:17:30.479915+00:00,BTC/USDT,-0.0006889445016928906,0.0,0.0,0.0,0.0,1.0,8.501456438715001e-05,1.4985435612850004e-05,2.9970871225700008e-05,2.9970871225700008e-05,1.0,0.0,0.0,-0.07359306119051202,0.14718612238102405,0.9999925072821936
2025-11-07T12:23:11.781411+00:00,BTC/USDT,-0.0007978471109246557,0.0,0.0,0.0,0.0,1.0,9.18310547589e-05,8.168945241100006e-06,1.633789048220001e-05,1.633789048220001e-05,1.0,0.0,0.0,-0.083203230123657,0.166406460247314,0.9999959155273794
2025-11-07T16:13:30.942284+00:00,BTC/USDT,-0.002015708625842775,0.0,0.0,0.0,0.0,1.0,7.798579466215e-05,2.201420533785e-05,4.40284106757e-05,4.40284106757e-05,1.0,0.0,0.0,-0.1625675864850603,0.3251351729701206,0.9999889928973311
2025-11-07T20:13:17.202133+00:00,BTC/USDT,0.0001481495826636221,0.0,0.0,0.0,0.0,1.0,5.452183838065e-05,4.5478161619350004e-05,9.095632323870001e-05,9.095632323870001e-05,1.0,0.0,0.0,-0.005970651293381132,0.011941302586762265,0.9999772609191904
2025-11-08T00:53:39.415842+00:00,BTC/USDT,-0.00017798613069825914,0.0,0.0,0.0,0.0,1.0,6.85206834364e-05,3.14793165636e-05,6.29586331272e-05,6.29586331272e-05,1.0,0.0,0.0,-0.032981807978776166,0.06596361595755233,0.9999842603417182
2025-11-08T04:14:20.824976+00:00,BTC/USDT,-0.0006389651880856936,0.0,0.0,0.0,0.0,1.0,4.54913963744e-05,5.45086036256e-05,0.00010901720725120001,0.00010901720725120001,1.0,0.0,0.0,-0.058304804102596655,0.11660960820519331,0.9999727456981872
2025-11-08T08:14:55.750636+00:00,BTC/USDT,-0.0018373510140558124,0.0,0.0,0.0,0.0,1.0,7.88659686957e-05,2.11340313043e-05,4.22680626086e-05,4.22680626086e-05,1.0,0.0,0.0,-0.1507974277070992,0.3015948554141984,0.9999894329843478
2025-11-08T12:21:04.202937+00:00,BTC/USDT,0.0011616650532429531,0.0,0.0,0.0,0.0,1.0,7.810072953535e-05,2.1899270464650006e-05,4.3798540929300006e-05,4.3798540929300006e-05,1.0,0.0,0.0,0.05757004224378477,0.11514008448756954,0.9999890503647677
2025-11-08T16:13:34.232278+00:00,BTC/USDT,0.0012247427548350287,0.0,0.0,0.0,0.0,1.0,8.35476876505e-05,1.64523123495e-05,3.2904624699e-05,3.2904624699e-05,1.0,0.0,0.0,0.06029974020287477,0.12059948040574954,0.9999917738438252
2025-11-08T20:12:15.121868+00:00,BTC/USDT,6.371049949031601e-05,0.0,0.0,0.0,0.0,1.0,6.889065322630001e-05,3.11093467737e-05,6.22186935474e-05,6.22186935474e-05,1.0,0.0,0.0,-0.01617488832394552,0.03234977664789104,0.9999844453266131
2025-11-09T00:59:38.541098+00:00,BTC/USDT,-0.0019347084937823167,0.0,0.0,0.0,0.0,1.0,7.820361308735001e-05,2.1796386912650003e-05,4.3592773825300006e-05,4.3592773825300006e-05,1.0,0.0,0.0,-0.15717813579041434,0.3143562715808287,0.9999891018065437
2025-11-09T04:15:00.402281+00:00,BTC/USDT,-0.00017683465959328028,0.0,0.0,0.0,0.0,1.0,8.511216312965e-05,1.4887836870350004e-05,2.977567374070001e-05,2.977567374070001e-05,1.0,0.0,0.0,-0.037849307206049676,0.07569861441209935,0.9999925560815648
2025-11-09T08:14:13.118439+00:00,BTC/USDT,-0.00031696187625732705,0.0,0.0,0.0,0.0,1.0,5.6526663093000004e-05,4.3473336907e-05,8.6946673814e-05,8.6946673814e-05,1.0,0.0,0.0,-0.03911986439148464,0.07823972878296928,0.9999782633315465
2025-11-09T12:20:49.164803+00:00,BTC/USDT,-0.0006416485582439836,0.0,0.0,0.0,0.0,1.0,7.92013546191e-05,2.0798645380900004e-05,4.159729076180001e-05,4.159729076180001e-05,1.0,0.0,0.0,-0.06856470846582734,0.13712941693165467,0.9999896006773096
2025-11-09T16:13:18.746568+00:00,BTC/USDT,-0.001217686877758199,0.0,0.0,0.0,0.0,1.0,6.865778370005e-05,3.134221629995e-05,6.26844325999e-05,6.26844325999e-05,1.0,0.0,0.0,-0.10538430428977993,0.21076860857955987,0.9999843288918501
2025-11-09T20:12:25.783741+00:00,BTC/USDT,-0.0005767658072569469,0.0,0.0,0.0,0.0,1.0,8.14382178069e-05,1.8561782193100005e-05,3.712356438620001e-05,3.712356438620001e-05,1.0,0.0,0.0,-0.06470649413898402,0.12941298827796804,0.9999907191089035
2025-11-10T01:00:00.204762+00:00,BTC/USDT,-0.001623884636528974,0.0,0.0,0.0,0.0,1.0,7.38556681484e-05,2.61443318516e-05,5.22886637032e-05,5.22886637032e-05,1.0,0.0,0.0,-0.13479967825622188,0.26959935651244377,0.9999869278340742
2025-11-10T04:20:56.990889+00:00,BTC/USDT,-0.002179564463868531,0.0,0.0,0.0,0.0,1.0,6.92586432693e-05,3.07413567307e-05,6.14827134614e-05,6.14827134614e-05,1.0,0.0,0.0,-0.17094305012848912,0.34188610025697824,0.9999846293216347
2025-11-10T08:19:08.957251+00:00,BTC/USDT,-0.000642865882928785,0.0,0.0,0.0,0.0,1.0,8.394856319065e-05,1.6051436809350002e-05,3.2102873618700004e-05,3.2102873618700004e-05,1.0,0.0,0.0,-0.070064295460271,0.140128590920542,0.9999919742815954
2025-11-10T12:24:36.836812+00:00,BTC/USDT,-0.0005018181475175291,0.0,0.0,0.0,0.0,1.0,7.57331529081e-05,2.4266847091900003e-05,4.8533694183800006e-05,4.8533694183800006e-05,1.0,0.0,0.0,-0.057774422461537175,0.11554884492307435,0.999987866576454
2025-11-10T16:15:55.035052+00:00,BTC/USDT,0.0006967481915915222,0.0,0.0,0.0,0.0,1.0,8.153454979665e-05,1.8465450203350003e-05,3.6930900406700006e-05,3.6930900406700006e-05,1.0,0.0,0.0,0.02428729775629545,0.0485745955125909,0.9999907672748983
2025-11-10T20:15:13.936005+00:00,BTC/USDT,-0.0003070995577201703,0.0,0.0,0.0,0.0,1.0,7.205468270505e-05,2.7945317294950003e-05,5.5890634589900005e-05,5.5890634589900005e-05,1.0,0.0,0.0,-0.043069286080897384,0.08613857216179477,0.9999860273413526
2025-11-11T00:57:55.955922+00:00,BTC/USDT,-0.00041095438500587516,0.0,0.0,0.0,0.0,1.0,5.2230348875050004e-05,4.776965112495e-05,9.55393022499e-05,9.55393022499e-05,1.0,0.0,0.0,-0.044405495457251476,0.08881099091450295,0.9999761151744375
2025-11-11T04:17:24.428820+00:00,BTC/USDT,-0.0009267840593141798,0.0,0.0,0.0,0.0,1.0,5.2315229645100004e-05,4.76847703549e-05,9.53695407098e-05,9.53695407098e-05,1.0,0.0,0.0,-0.08037004358627069,0.16074008717254137,0.9999761576148225
2025-11-11T08:17:09.202524+00:00,BTC/USDT,-0.00038159040409572895,0.0,0.0,0.0,0.0,1.0,6.327559640685e-05,3.6724403593150005e-05,7.34488071863e-05,7.34488071863e-05,1.0,0.0,0.0,-0.04565575607466364,0.09131151214932728,0.9999816377982034
2025-11-11T12:23:46.971201+00:00,BTC/USDT,-0.002833525621851517,0.0,0.0,0.0,0.0,1.0,4.7124210168150005e-05,5.287578983185e-05,0.0001057515796637,0.0001057515796637,1.0,0.0,0.0,-0.20733038131175247,0.41466076262350493,0.999973562105084
2025-11-11T16:15:34.691918+00:00,BTC/USDT,0.0003119401615715112,0.0,0.0,0.0,0.0,1.0,0.0001,0.0,0.0,0.0,1.0,0.0,0.0,-0.008071666888386168,0.016143333776772337,1.0
2025-11-11T20:13:57.278240+00:00,BTC/USDT,-0.0002778614384673495,0.0,0.0,0.0,0.0,1.0,0.0001,0.0,0.0,0.0,1.0,0.0,0.0,-0.04934569496241721,0.09869138992483442,1.0
2025-11-12T00:57:44.488947+00:00,BTC/USDT,-6.991445189979987e-05,0.0,0.0,0.0,0.0,1.0,8.146829385725e-05,1.8531706142750002e-05,3.7063412285500005e-05,3.7063412285500005e-05,1.0,0.0,0.0,-0.029280492034783785,0.05856098406956757,0.9999907341469286
2025-11-12T04:16:39.243719+00:00,BTC/USDT,0.0002651441842461213,0.0,0.0,0.0,0.0,1.0,6.17207676772e-05,3.8279232322800006e-05,7.65584646456e-05,7.65584646456e-05,1.0,0.0,0.0,6.299094436603564e-05,0.00012598188873207128,0.9999808603838386
2025-11-12T08:17:39.310903+00:00,BTC/USDT,0.0006070728342168043,0.0,0.0,0.0,0.0,1.0,5.4933717510750004e-05,4.506628248925e-05,9.01325649785e-05,9.01325649785e-05,1.0,0.0,0.0,0.02597941397090319,0.05195882794180638,0.9999774668587553
2025-11-12T12:24:51.207365+00:00,BTC/USDT,9.793853643696666e-05,0.0,0.0,0.0,0.0,1.0,8.567610398115e-05,1.4323896018850003e-05,2.8647792037700005e-05,2.8647792037700005e-05,1.0,0.0,0.0,-0.018784647298029967,0.037569294596059934,0.9999928380519906
2025-11-12T16:16:58.081109+00:00,BTC/USDT,-0.0007485265225932917,0.0,0.0,0.0,0.0,1.0,7.570006159215e-05,2.429993840785e-05,4.85998768157e-05,4.85998768157e-05,1.0,0.0,0.0,-0.07496595471291753,0.14993190942583506,0.999987850030796
2025-11-12T20:14:30.506649+00:00,BTC/USDT,-0.00020611744749670044,0.0,0.0,0.0,0.0,1.0,6.201490684615e-05,3.798509315385e-05,7.59701863077e-05,7.59701863077e-05,1.0,0.0,0.0,-0.03300683711557739,0.06601367423115478,0.9999810074534231
2025-11-13T00:57:42.093832+00:00,BTC/USDT,-0.00022392347317095191,0.0,0.0,0.0,0.0,1.0,5.02533552521e-05,4.97466447479e-05,9.94932894958e-05,9.94932894958e-05,1.0,0.0,0.0,-0.030735352203556797,0.061470704407113594,0.999975126677626
2025-11-13T04:18:32.148620+00:00,BTC/USDT,0.00010281517747858017,0.0,0.0,0.0,0.0,1.0,5.5682065335350004e-05,4.431793466465e-05,8.86358693293e-05,8.86358693293e-05,1.0,0.0,0.0,-0.009490567968039876,0.01898113593607975,0.9999778410326676
2025-11-13T08:17:03.790568+00:00,BTC/USDT,-0.0005916015776041788,0.0,0.0,0.0,0.0,1.0,7.37495673502e-05,2.6250432649800004e-05,5.250086529960001e-05,5.250086529960001e-05,1.0,0.0,0.0,-0.06344870979191351,0.12689741958382703,0.9999868747836751
2025-11-13T12:24:43.083833+00:00,BTC/USDT,-0.00032059066401126925,0.0,0.0,0.0,0.0,1.0,8.078449757575e-05,1.9215502424250002e-05,3.8431004848500004e-05,3.8431004848500004e-05,1.0,0.0,0.0,-0.046616426838498023,0.09323285367699605,0.9999903922487878
2025-11-13T16:16:06.805541+00:00,BTC/USDT,0.000979611222980294,0.0,0.0,0.0,0.0,1.0,7.63403752843e-05,2.3659624715700003e-05,4.7319249431400006e-05,4.7319249431400006e-05,1.0,0.0,0.0,0.045496548128703504,0.09099309625740701,0.9999881701876422
2025-11-13T20:14:50.806948+00:00,BTC/USDT,-0.0017191016373121976,0.0,0.0,0.0,0.0,1.0,6.27189940741e-05,3.72810059259e-05,7.45620118518e-05,7.45620118518e-05,1.0,0.0,0.0,-0.13795658268097394,0.2759131653619479,0.999981359497037
2025-11-14T00:57:21.455877+00:00,BTC/USDT,-0.00013335219121893085,0.0,0.0,0.0,0.0,1.0,7.197468301945e-05,2.8025316980550003e-05,5.6050633961100006e-05,5.6050633961100006e-05,1.0,0.0,0.0,-0.030889296667578378,0.061778593335156756,0.9999859873415097
2025-11-14T04:16:28.941910+00:00,BTC/USDT,-0.0007875289384028446,0.0,0.0,0.0,0.0,1.0,0.0001,0.0,0.0,0.0,1.0,0.0,0.0,-0.08491373982225531,0.16982747964451061,1.0
2025-11-14T08:17:20.459442+00:00,BTC/USDT,0.0010116598964597064,0.0,0.0,0.0,0.0,1.0,5.55057872433e-05,4.44942127567e-05,8.898842551340001e-05,8.898842551340001e-05,1.0,0.0,0.0,0.05394093041893386,0.10788186083786772,0.9999777528936217
2025-11-14T12:24:48.141133+00:00,BTC/USDT,-0.0011142410669956343,0.0,0.0,0.0,0.0,1.0,8.585288773424999e-05,1.4147112265750006e-05,2.829422453150001e-05,2.829422453150001e-05,1.0,0.0,0.0,-0.10336845657145805,0.2067369131429161,0.9999929264438672
2025-11-14T16:15:34.685110+00:00,BTC/USDT,-0.0003968233410867873,0.0,0.0,0.0,0.0,1.0,8.036347151635e-05,1.9636528483650003e-05,3.9273056967300006e-05,3.9273056967300006e-05,1.0,0.0,0.0,-0.05182033682973536,0.10364067365947072,0.9999901817357582
2025-11-14T20:14:35.748831+00:00,BTC/USDT,-0.0008526953133183275,0.0,0.0,0.0,0.0,1.0,8.31515160164e-05,1.68484839836e-05,3.36969679672e-05,3.36969679672e-05,1.0,0.0,0.0,-0.08443254907125453,0.16886509814250905,0.9999915757580082
2025-11-15T00:56:01.879560+00:00,BTC/USDT,0.0034346089095063322,0.0,0.0,0.0,0.0,1.0,7.2480282607e-05,2.7519717393e-05,5.5039434786e-05,5.5039434786e-05,1.0,0.0,0.0,0.20968844937536532,0.41937689875073064,0.9999862401413036
2025-11-15T04:14:33.461462+00:00,BTC/USDT,0.0008087906604430979,0.0,0.0,0.0,0.0,1.0,7.137089937720001e-05,2.8629100622800002e-05,5.7258201245600005e-05,5.7258201245600005e-05,1.0,0.0,0.0,0.03511723128529975,0.0702344625705995,0.9999856854496886
2025-11-15T08:14:53.522458+00:00,BTC/USDT,-0.0008636951810798354,0.0,0.0,0.0,0.0,1.0,5.87310417477e-05,4.1268958252300004e-05,8.253791650460001e-05,8.253791650460001e-05,1.0,0.0,0.0,-0.07790785766811782,0.15581571533623564,0.9999793655208739
2025-11-15T12:20:57.320298+00:00,BTC/USDT,0.0004953262726697373,0.0,0.0,0.0,0.0,1.0,9.40903692383e-05,5.909630761699999e-06,1.1819261523399999e-05,1.1819261523399999e-05,1.0,0.0,0.0,0.0065004039895933015,0.013000807979186603,0.9999970451846192
2025-11-15T16:13:06.931133+00:00,BTC/USDT,0.0010431023681242344,0.0,0.0,0.0,0.0,1.0,5.629003695025e-05,4.370996304975e-05,8.741992609950001e-05,8.741992609950001e-05,1.0,0.0,0.0,0.05588429137115775,0.1117685827423155,0.9999781450184752
2025-11-15T20:12:22.752495+00:00,BTC/USDT,-0.0022506766604205404,0.0,0.0,0.0,0.0,1.0,6.689721300990001e-05,3.31027869901e-05,6.62055739802e-05,6.62055739802e-05,1.0,0.0,0.0,-0.17497925314522209,0.34995850629044417,0.9999834486065049
2025-11-16T01:01:05.224532+00:00,BTC/USDT,-0.0005558094697745155,0.0,0.0,0.0,0.0,1.0,6.303513280535e-05,3.696486719465e-05,7.39297343893e-05,7.39297343893e-05,1.0,0.0,0.0,-0.057752181331336125,0.11550436266267225,0.9999815175664026
2025-11-16T04:19:03.114598+00:00,BTC/USDT,0.0011014447318232273,0.0,0.0,0.0,0.0,1.0,6.075345147525e-05,3.924654852475e-05,7.849309704950001e-05,7.849309704950001e-05,1.0,0.0,0.0,0.05858720040047502,0.11717440080095004,0.9999803767257376
2025-11-16T08:15:10.917259+00:00,BTC/USDT,-0.0009072302396192531,0.0,0.0,0.0,0.0,1.0,5.2003345405550004e-05,4.799665459445001e-05,9.59933091889e-05,9.59933091889e-05,1.0,0.0,0.0,-0.07891941122476254,0.15783882244952507,0.9999760016727027
2025-11-16T12:21:01.261066+00:00,BTC/USDT,-0.0011643178785856936,0.0,0.0,0.0,0.0,1.0,6.95907625751e-05,3.0409237424900002e-05,6.0818474849800003e-05,6.0818474849800003e-05,1.0,0.0,0.0,-0.10197953835752818,0.20395907671505636,0.9999847953812876
2025-11-16T16:13:28.504417+00:00,BTC/USDT,-0.0014849339970618388,0.0,0.0,0.0,0.0,1.0,9.52780975417e-05,4.721902458300002e-06,9.443804916600004e-06,9.443804916600004e-06,1.0,0.0,0.0,-0.1316852997734809,0.2633705995469618,0.9999976390487708
2025-11-16T20:13:21.557098+00:00,BTC/USDT,0.00037329458987965584,0.0,0.0,0.0,0.0,1.0,8.788922963925001e-05,1.211077036075e-05,2.4221540721500003e-05,2.4221540721500003e-05,1.0,0.0,0.0,-0.00018059734371562997,0.00036119468743125993,0.9999939446148196
2025-11-17T00:58:50.787203+00:00,BTC/USDT,0.00028754178013541936,0.0,0.0,0.0,0.0,1.0,0.0001,0.0,0.0,0.0,1.0,0.0,0.0,-0.009778019218515094,0.019556038437030188,1.0
2025-11-17T04:19:42.898838+00:00,BTC/USDT,-0.0018176564839379055,0.0,0.0,0.0,0.0,1.0,0.0001,0.0,0.0,0.0,1.0,0.0,0.0,-0.15575338697351748,0.31150677394703497,1.0
2025-11-17T08:19:04.111688+00:00,BTC/USDT,-0.0011215382288042317,0.0,0.0,0.0,0.0,1.0,0.0001,0.0,0.0,0.0,1.0,0.0,0.0,-0.10808055311592857,0.21616110623185714,1.0
2025-11-17T12:24:38.360534+00:00,BTC/USDT,-0.0007027355368439301,0.0,0.0,0.0,0.0,1.0,9.010222169285e-05,9.897778307150002e-06,1.9795556614300003e-05,1.9795556614300003e-05,1.0,0.0,0.0,-0.0760684265097547,0.1521368530195094,0.9999950511108464
2025-11-17T16:17:12.374571+00:00,BTC/USDT,-0.00035093932613207006,0.0,0.0,0.0,0.0,1.0,7.757759891015e-05,2.2422401089850002e-05,4.4844802179700005e-05,4.4844802179700005e-05,1.0,0.0,0.0,-0.047782376257156395,0.09556475251431279,0.9999887887994551
2025-11-17T20:14:41.691607+00:00,BTC/USDT,-0.0008972677595629052,0.0,0.0,0.0,0.0,1.0,7.367511347945e-05,2.632488652055e-05,5.26497730411e-05,5.26497730411e-05,1.0,0.0,0.0,-0.08470335836352638,0.16940671672705276,0.9999868375567397
