timestamp,symbol,mempool_congestion_score,mempool_trend,mempool_volatility,fee_pressure_score,fee_trend,fee_volatility,network_activity_score,network_trend,network_volatility,block_production_rate,block_size_trend,block_weight_trend,market_structure_score,liquidity_score,volatility_score
2025-09-25T20:53:57.691785+00:00,BTC/USDT,1.0,0.0,0.0,0.1,0.0,0.0,1.0,0.0,0.0,0.0,0.0,0.0,0.73,0.0,0.0
2025-09-25T20:53:57.691785+00:00,BTC/USDT,1.0,0.0,0.0,0.1,0.0,0.0,1.0,0.0,0.0,0.0,0.0,0.0,0.73,0.0,0.0
2025-09-25T20:59:38.782427+00:00,BTC/USDT,1.0,-23367.00000000003,16522.964155986057,0.1,-7.850462293418875e-17,0.0,1.0,-3.891868065584197e-07,0.0,10.554379266728754,-2.3919826124029546e-10,-1.0975835353383669e-09,0.73,0.0,0.550765471866202
2025-09-25T20:53:57.691785+00:00,BTC/USDT,1.0,0.0,0.0,0.1,0.0,0.0,1.0,0.0,0.0,0.0,0.0,0.0,0.73,0.0,0.0
2025-09-25T20:53:57.691785+00:00,BTC/USDT,1.0,0.0,0.0,0.1,0.0,0.0,1.0,0.0,0.0,0.0,0.0,0.0,0.73,0.0,0.0
2025-09-25T20:59:38.782427+00:00,BTC/USDT,1.0,-23367.00000000003,16522.964155986057,0.1,-7.850462293418875e-17,0.0,1.0,-3.891868065584197e-07,0.0,10.554379266728754,-2.391982612402954e-10,-1.0975835353383667e-09,0.73,0.0,0.550765471866202
2025-09-25T21:19:31.401984+00:00,BTC/USDT,1.0,-5000.099999999975,11028.7588716954,0.1,-8.214889951798643e-17,0.0,1.0,5788.499999900985,9647.5,7.041747526385198,-1683.299999999992,-74.99999999947303,0.73,0.0,0.3997836290565133
2025-09-25T21:27:16.746330+00:00,BTC/USDT,1.0,-4532.500000000008,13914.138852261034,0.1,1.0992982082905543e-17,0.0,1.0,3647.5119046403343,11759.345267700919,12.60595918356995,1418.2619047619041,10.369047618674703,0.73,0.0,0.5030024459677042
2025-09-25T21:39:48.898503+00:00,BTC/USDT,1.0,-4567.516666666665,14766.082888197232,0.1,6.633138920230202e-17,0.0,1.0,4141.766666706206,13567.641435087791,10.468133787102799,2266.1166666667787,27.016666666636876,0.73,0.0,0.5374282343902004
2025-09-25T21:52:47.113420+00:00,BTC/USDT,1.0,-3060.987878787875,14003.489084669021,0.1,1.6054209807821413e-17,0.0,1.0,4376.000000033073,15038.052332518182,9.179974327436796,-9160.109090909087,17.109090909155384,0.73,0.0,0.5169098105973613
2025-09-25T22:19:49.641633+00:00,BTC/USDT,1.0,-1991.609090909088,13437.178537719346,0.3,0.0909090909090909,0.6030226891555273,1.0,4448.172727302869,16228.582953318115,6.98764566079293,-17271.54545454544,17.018181818220878,0.79,0.0,0.5060213790294088
2025-09-25T22:40:42.355965+00:00,BTC/USDT,1.0,-2130.4055944055963,13576.277638408532,0.3,0.13986013986013987,0.778498944161523,1.0,4318.727272726268,16874.727250769974,6.182993969248206,-21286.930069930095,16.311188811113887,0.79,0.0,0.5139816717439277
2025-09-25T22:53:27.951017+00:00,BTC/USDT,1.0,-1267.1703296703245,13441.12474117,0.4,0.1978021978021978,1.0500305245868342,1.0,4098.115384651328,17210.114667223294,6.024886772183024,-23012.04395604397,15.346153846197804,0.8200000000000001,0.0,0.5124047437603232
2025-09-25T23:20:04.687457+00:00,BTC/USDT,1.0,-1582.0747252747317,13965.309498346802,0.1,0.14285714285714288,1.0190493307301363,1.0,4281.384615344173,19010.8189399939,5.338202703746014,-19718.885714285756,7.8153846152740725,0.73,0.0,0.5356733752830739
2025-09-25T23:39:51.639885+00:00,BTC/USDT,1.0,-1773.7107142857117,14371.145691810312,0.1,0.10357142857142856,0.990430401872025,1.0,4489.400000023447,21084.92034200204,5.0633175392988035,-51928.26071428566,-82784.90000000002,0.73,0.0,0.5559241268794973
2025-09-25T23:53:10.513354+00:00,BTC/USDT,1.0,-1816.8191176470532,14458.573053007916,0.1,0.07500000000000002,0.963932916061417,1.0,4727.622058866105,23480.34228730848,5.021937698257736,-43885.513235294056,-63308.26323529404,0.73,0.0,0.566646462165035
2025-09-26T01:45:25.577806+00:00,BTC/USDT,1.0,-1790.759803921568,14411.888355471958,0.1,0.053921568627451,0.9393364366277243,1.0,5592.252450986814,30573.000491711253,3.293708566651917,-34314.71568627445,-48702.72303921556,0.73,0.0,0.5885685230656209
2025-09-26T02:52:59.415133+00:00,BTC/USDT,1.0,-1777.6171310629472,14443.167415658243,0.1,0.038183694530443756,0.9164438231805327,1.0,6682.444788453025,39780.535460936466,2.840998327354436,-26716.968008255924,-37592.243550051484,0.73,0.0,0.6201503242129333
2025-09-26T03:34:10.741972+00:00,BTC/USDT,1.0,-1795.657894736845,14633.021875956525,0.1,0.026315789473684206,0.8950807732508138,1.0,7496.559649117613,46809.80860400798,2.6985326518444928,-22954.128070175528,-29060.949122806956,0.73,0.0,0.6497672963669162
2025-09-26T03:54:39.639175+00:00,BTC/USDT,1.0,-1653.821052631578,14355.41759241547,0.1,0.017293233082706763,0.8750939799154207,1.0,8055.592481180051,52218.29704131241,2.709775079679381,-19884.71428571435,-22430.135338345914,0.73,0.0,0.6584088697509931
2025-09-26T04:27:29.056010+00:00,BTC/USDT,1.0,-1246.8402597402596,14320.289213127611,0.1,0.010389610389610386,0.8563488385776753,1.0,8596.31038959966,57870.91931581131,2.645953337901786,-10433.359740259757,-17223.466233766183,0.73,0.0,0.6759550304141425
2025-09-26T04:44:55.786368+00:00,BTC/USDT,1.0,-892.2083568605309,14395.23513586642,0.1,0.005081874647092063,0.8387271329003273,1.0,8939.426877458764,62312.11295551227,2.6753396191645833,-10516.836250705774,-13106.136081309942,0.73,0.0,0.6931397285999238
2025-09-26T04:57:09.911802+00:00,BTC/USDT,1.0,-586.2687747035557,14550.35168503163,0.1,0.0009881422924901415,0.8221248859286776,1.0,9103.326086935127,65654.33011729078,2.731767348397603,-10466.03754940714,-9830.926877470423,0.73,0.0,0.7093403224648815
2025-09-26T05:25:06.951333+00:00,BTC/USDT,1.0,-548.3726086956561,14245.937958994547,0.1,-0.0021739130434782774,0.8064504441319253,1.0,9164.425217343625,68392.08780255764,2.699771733008779,-9014.092173913094,-7207.806521739238,0.73,0.0,0.70821456093589
2025-09-26T05:41:56.427136+00:00,BTC/USDT,1.0,-286.17923076922983,14596.783458123004,0.1,-0.004615384615384618,0.7916228058025278,1.0,9189.90461538329,70944.34871519601,2.7273816029171956,-16863.04769230771,-27191.034615384622,0.73,0.0,0.7283180963601037
2025-09-26T05:54:16.477113+00:00,BTC/USDT,1.0,-274.102564102564,14309.025459693397,0.1,-0.006495726495726501,0.7775701798650618,1.0,9148.538803417978,73055.8242325373,2.776168171923064,-19958.73025641025,-33252.71794871796,0.73,0.0,0.7256707306306712
2025-09-26T06:33:53.942594+00:00,BTC/USDT,1.0,-242.77899877899813,14031.233973347276,0.1,-0.007936507936507943,0.7642287511246773,1.0,9188.164835168658,75785.3914928817,2.6899449746405004,-18068.28998779,-27557.81013431008,0.73,0.0,0.7254206290953461
2025-09-26T06:56:17.827853+00:00,BTC/USDT,1.0,-204.36891078270244,13773.142695249466,0.1,-0.009031198686371082,0.7515416254704823,1.0,9244.792829797583,78703.08250071961,2.6895305490026913,-15121.336891078246,-22791.577449370394,0.73,0.0,0.726458642347184
2025-09-26T07:22:46.325705+00:00,BTC/USDT,1.0,33.21280788177019,14734.639093201318,0.1,-0.00985221674876847,0.7394579295380166,1.0,9308.797536928265,81739.54114470424,2.6717108341037967,-19419.4275862069,-34669.102955665054,0.73,0.0,0.7685494931193114
2025-09-26T07:40:04.213813+00:00,BTC/USDT,1.0,91.4456062291413,14582.413357806417,0.1,-0.010456062291434969,0.7279320417946061,1.0,9337.241379282263,84513.62290293389,2.693045301422571,-25797.395328142426,-51250.72947719698,0.73,0.0,0.7726454018819576
2025-09-26T07:53:23.336761+00:00,BTC/USDT,1.0,305.70604838709403,15790.598858283553,0.1,-0.01088709677419357,0.7169229349265205,1.0,9319.411693508222,86907.41957038417,2.729640830207909,-24576.898790322593,-47672.57661290334,0.73,0.0,0.8208241800769093
2025-09-26T08:31:34.935901+00:00,BTC/USDT,1.0,418.54728739003303,16138.288734379292,0.3,0.00018328445747803208,0.7718588789618592,1.0,9269.640579207362,89021.52336785111,2.6662051541358096,-21130.81983137825,-40894.79398826965,0.79,0.0,0.8398270948985592
2025-09-26T08:55:36.254789+00:00,BTC/USDT,1.0,516.8887032085569,16483.19808484284,0.1,-0.0013368983957219177,0.7612788283838284,1.0,9215.14772728261,91075.57072795289,2.6605963802853596,-18742.691176470566,-35057.43516042782,0.73,0.0,0.8581003641104964
2025-09-26T09:25:16.300187+00:00,BTC/USDT,1.0,679.1923605805965,17687.54186934067,0.1,-0.002597402597402591,0.7511132557708275,1.0,9253.927731099928,94009.74039971753,2.6353963489859904,-15982.373720397232,-30012.74896867837,0.73,0.0,0.9079579520155528
2025-09-26T09:42:14.372756+00:00,BTC/USDT,1.0,707.3268907563032,17683.163783287047,0.1,-0.003641456582633035,0.7413365173339116,1.0,9301.110364159711,97065.43711437682,2.6552887848260345,-12993.448739495814,-25646.108403361257,0.73,0.0,0.9179324932730504
2025-09-26T09:54:33.457844+00:00,BTC/USDT,1.0,742.7810810810842,17763.756455008526,0.1,-0.004504504504504471,0.7319250547113999,1.0,9298.957400294274,99632.64711740539,2.6902517157779617,-11135.717117117098,-21848.725997425958,0.73,0.0,0.9291135392563782
2025-09-26T10:24:39.159550+00:00,BTC/USDT,1.0,904.0000000000006,19455.71936259145,0.2,-0.0009483167377904013,0.7321448190324342,1.0,9296.738501674094,102205.42563306674,2.6643932832399795,-9982.416311047886,-18541.321005215716,0.76,0.0,0.994089696323487
2025-09-26T10:44:03.049631+00:00,BTC/USDT,1.0,953.4897691213473,19774.75370387898,0.2,0.0020790020790020826,0.7318209327883022,1.0,9257.21337125432,104386.070479856,2.6744110625981103,-8961.46252325201,-15654.291169712207,0.76,0.0,1.0119908312807413
2025-09-26T10:56:03.116314+00:00,BTC/USDT,1.0,1000.0329959514165,20122.319825086022,0.3,0.00850202429149798,0.7723284457212329,1.0,9187.860323886223,106238.65535289065,2.7075477598705002,-8055.257894736844,-13129.003036437289,0.79,0.0,1.0300217016506445
2025-09-26T11:19:21.890933+00:00,BTC/USDT,1.0,1038.0034709193253,20435.214349553065,0.3,0.01397748592870543,0.8066232240898012,1.0,9109.27645403758,107961.10953496111,2.703941559114213,-7367.591275797361,-10917.541369605959,0.79,0.0,1.0464216649289046
2025-09-26T11:39:53.503404+00:00,BTC/USDT,1.0,1068.1383275261321,20712.404193987764,0.4,0.022125435540069696,0.895789609445345,1.0,9023.306097573079,109566.58116070392,2.70901705032999,-6626.956271776983,-8977.215331010417,0.8200000000000001,0.0,1.0616073410649076
2025-09-26T11:53:35.316390+00:00,BTC/USDT,1.0,1098.7161494206318,21032.542871850128,0.4,0.02909002511952031,0.969032708552143,1.0,8919.068227866668,110938.14730268827,2.7344663845457116,-5965.188639494356,-7271.361559030833,0.8200000000000001,0.0,1.0773388047943129
2025-09-26T12:47:52.882946+00:00,BTC/USDT,1.0,1140.6153729990933,21526.46110853205,0.6,0.04137722742373905,1.1779630296511032,1.0,8812.718061007716,112233.90419846456,2.6417313707345063,-5604.505738447615,-5769.0463606161775,0.8800000000000001,0.0,1.0995148044769574
2025-09-26T13:31:14.128581+00:00,BTC/USDT,1.0,1239.9925299506717,22995.034426660426,0.6,0.05193798449612402,1.3395512170134123,1.0,8731.214376331907,113741.92215028661,2.5870524431085147,-5545.910288935845,-4443.687244538315,0.8800000000000001,0.0,1.154571229503059
2025-09-26T13:53:35.513430+00:00,BTC/USDT,1.0,1262.9998682476955,23351.540448981177,0.8,0.06679841897233202,1.6230660597595632,1.0,8634.797496718405,115043.40748798459,2.589173588415041,-5478.712779973628,-3274.479183135669,0.94,0.0,1.1726831469910517
2025-09-26T14:20:38.102576+00:00,BTC/USDT,1.0,1352.003515263645,24786.823239296627,0.8,0.07961763798951589,1.8437778901517832,1.0,8537.09281529049,116280.94443524968,2.579600960559583,-5218.880234350894,-2243.379031760688,0.94,0.0,1.2261224420283983
2025-09-26T14:42:54.325585+00:00,BTC/USDT,1.0,1345.8497918593896,24889.63642883654,0.5,0.08267807585568922,1.8761367198779455,1.0,8461.402289542459,117719.79881970453,2.5819877063769443,-4459.407839963012,-1332.3060823311682,0.8500000000000001,0.0,1.2345614551594195
2025-09-26T14:54:32.980158+00:00,BTC/USDT,1.0,1334.4342705167153,24948.821111155456,0.4,0.08260963960052109,1.8774511165501648,1.0,8383.27057095689,119090.86856588189,2.6096899427143083,-4055.116044290071,-515.0727312202412,0.8200000000000001,0.0,1.2411132730351226
2025-09-26T15:23:53.130800+00:00,BTC/USDT,1.0,1383.7767346938779,25815.90474955827,0.5,0.08479591836734693,1.9039432764659772,1.0,8310.911224496338,120491.502548508,2.5947722930556614,-3251.3709183673186,195.29173469391714,0.8500000000000001,0.0,1.2748614553234088
2025-09-26T15:41:30.060143+00:00,BTC/USDT,1.0,1362.809651860743,25807.991853347463,0.4,0.0841776710684274,1.9026297590440449,1.0,8243.024105633345,121910.47977095358,2.6074475185633386,-2590.616710684278,823.5781992797021,0.8200000000000001,0.0,1.2793188594083877
2025-09-26T15:53:48.463833+00:00,BTC/USDT,1.0,1347.2533031674225,25845.073109877285,0.6,0.08796380090497737,1.9579901660110755,1.0,8164.167149341249,123157.47505788563,2.6319340257435195,-1998.7473303167249,1378.9282352941227,0.8800000000000001,0.0,1.2850806216289354
2025-09-26T16:28:42.792452+00:00,BTC/USDT,1.0,1386.1957653888844,26621.774003190003,0.7,0.09331511995218984,2.0473283919524783,1.0,8092.186544880479,124450.56657226138,2.6048058137477925,-1484.426406556797,1870.6408691198,0.9099999999999999,0.0,1.3158765446268879
2025-09-26T16:48:12.325540+00:00,BTC/USDT,1.0,1354.7667311723917,26533.172198346576,0.3,0.08950169327527814,2.0295351838313347,1.0,8034.668843736032,125896.54603063055,2.6125316701787953,-1132.7014191259327,2304.4652475407224,0.79,0.0,1.3176244612725299
2025-09-26T17:19:42.240179+00:00,BTC/USDT,1.0,1323.052792071658,26434.82300692417,0.4,0.08793596340766148,2.02267025700025,1.0,7985.411282629865,127426.42440261474,2.5943459327240372,-1601.8162759672284,2686.351934438672,0.8200000000000001,0.0,1.3193999832861898
2025-09-26T17:41:42.957018+00:00,BTC/USDT,1.0,1340.4599567099588,26892.41898294404,0.3,0.08441558441558442,2.00554786086551,1.0,7936.986507957179,128943.11115838397,2.5966648137153743,-1715.3746031745718,3023.3920634920896,0.79,0.0,1.3395946556985179
2025-09-26T17:53:28.098806+00:00,BTC/USDT,1.0,1311.9670198222827,26814.04088246359,0.5,0.08485987696514014,2.017375818930423,1.0,7878.648906356876,130295.20571804923,2.6200732244961773,-1813.968489405342,3319.9047505126177,0.8500000000000001,0.0,1.3415678872684864
2025-09-26T18:30:26.023412+00:00,BTC/USDT,1.0,1314.524241638578,27065.937654810434,0.2,0.07966035779102928,2.000156635470342,1.0,7844.515037583445,131970.64307567902,2.5916483331547058,-1426.643634949461,3588.32013222709,0.76,0.0,1.3554344429824134
2025-09-26T18:49:13.574512+00:00,BTC/USDT,1.0,1318.907963948442,27352.56682941461,0.3,0.076594173921068,1.983903769888819,1.0,7804.22707556161,133535.89571226513,2.600237023386848,-800.5003229875007,3816.031252883768,0.79,0.0,1.3700979051539628
2025-09-26T19:18:02.638020+00:00,BTC/USDT,1.0,1276.1812390414948,27174.331301072205,0.3,0.07369959088252483,1.9680380033678657,1.0,7770.473816473561,135181.574215017,2.5891269043884684,-868.4109292811335,4014.2097019286753,0.79,0.0,1.3695365441082492
2025-09-26T19:39:51.074859+00:00,BTC/USDT,1.0,1268.3081133648225,27287.602970351098,0.1,0.06768546818560713,1.960341259349337,1.0,7744.866407333315,136940.57104932508,2.591717291380307,-46.12131147541945,4187.624645734893,0.73,0.0,1.3791242775717825
2025-09-26T19:52:57.362875+00:00,BTC/USDT,1.0,1222.2997355896352,27087.636349711425,0.1,0.06213643574828134,1.952579910275359,1.0,7713.318614483988,138590.71332296316,2.6105977598707906,287.8802221047082,4336.821417239587,0.73,0.0,1.3779074554687603
2025-09-26T20:24:35.514902+00:00,BTC/USDT,1.0,1179.5697161995404,26895.137036592336,0.1,0.05701191105738964,1.9447688447046056,1.0,7683.259449515136,140249.51187884717,2.5945846893584865,509.40099720479833,4466.417843922315,0.73,0.0,1.3769680664472659
2025-09-26T20:41:55.083252+00:00,BTC/USDT,1.0,1132.2692972350237,26685.938458553832,0.1,0.052275345622119815,1.9369212958979038,1.0,7660.84375000303,142022.16814117876,2.605121329889799,737.5368183563813,4576.431835637525,0.73,0.0,1.3758513177283762
2025-09-26T20:54:10.685441+00:00,BTC/USDT,1.0,1092.0227106227107,26493.75919797861,0.1,0.0478937728937729,1.9290490296335545,1.0,7629.415567775504,143630.20862940908,2.6246052868260095,943.8792353479984,4669.8487408425235,0.73,0.0,1.374752995561541
2025-09-26T21:19:52.793277+00:00,BTC/USDT,1.0,1057.2890734265734,26319.171291469487,0.4,0.04803321678321681,1.924912585427832,1.0,7594.0279283177115,145155.0446003557,2.6195183234591135,821.430332167834,4749.197770979039,0.8200000000000001,0.0,1.3739886089530209
2025-09-26T21:39:19.182824+00:00,BTC/USDT,1.0,1018.3348084751063,26127.012445405573,0.1,0.04402463208433357,1.9174696807746339,1.0,7563.921386072104,146752.633434745,2.625629320963677,-447.93343074837594,1531.745057927108,0.73,0.0,1.3728589908345
2025-09-26T21:53:14.725351+00:00,BTC/USDT,1.0,1017.522747226434,26249.29772846217,0.1,0.0403064889456461,1.9100060264976522,1.0,7526.470388691202,148206.99224425037,2.6412609507146185,-1606.3762870141413,-1408.0691994573037,0.73,0.0,1.3817332719395579
2025-09-26T22:20:13.155724+00:00,BTC/USDT,1.0,984.5903347711555,26074.73009790639,0.1,0.03685536511814329,1.9025305453148484,1.0,7490.4666374002945,149667.07723695904,2.6338932900265455,-1366.9635836164532,-1000.492632744235,0.73,0.0,1.3807314643555089
2025-09-26T22:40:19.161425+00:00,BTC/USDT,1.0,952.8465107782255,25902.110111619124,0.2,0.034892217756667905,1.8888554566354145,1.0,7453.155791021672,151085.28170114808,2.638457883345078,-1340.440445743492,-625.6933503836154,0.76,0.0,1.3796136457687005
2025-09-26T22:53:35.551834+00:00,BTC/USDT,1.0,921.5608083282308,25729.078223839406,0.1,0.03184323331292101,1.881587805766038,1.0,7414.217933704174,152455.00069567148,2.654474037661588,-1155.4879188172422,-281.3835534948763,0.73,0.0,1.378363195151992
2025-09-26T23:20:04.354007+00:00,BTC/USDT,1.0,919.3120053655249,25804.828269276295,0.1,0.02900737759892688,1.874320802537535,1.0,7376.670254852217,153829.2833319421,2.647986113163737,-1153.7222334004127,34.81438631786134,0.73,0.0,1.3854206920992669
2025-09-26T23:38:57.685069+00:00,BTC/USDT,1.0,914.9220528651355,25853.296818430077,0.1,0.026368255193260016,1.8670606559396368,1.0,7342.133095379114,155239.07475961786,2.654205792581995,-883.4355907132182,325.57526207473006,0.73,0.0,1.3916872141859928
2025-09-26T23:53:40.116369+00:00,BTC/USDT,1.0,885.412686659261,25685.561534830984,0.3,0.026132296680241883,1.8561264718364574,1.0,7302.202980371638,156531.18770362518,2.667148932634002,-633.7826422312955,592.7222633592202,0.79,0.0,1.3903301866520266
2025-09-27T01:41:27.904207+00:00,BTC/USDT,1.0,846.3571269900038,25512.027463061593,0.1,0.02372454646427249,1.849182053987475,1.0,7304.1611847301365,158638.26755000956,2.535450664876979,-244.50902628655837,837.9455312846795,0.73,0.0,1.3915230209620015
2025-09-27T02:44:42.829173+00:00,BTC/USDT,1.0,839.8939402560427,25510.882169736866,0.1,0.021479374110953044,1.8422469633232874,1.0,7319.637211935533,161048.48322376946,2.479404898874026,39.70907539115966,1062.9830440966591,0.73,0.0,1.399472662825949
2025-09-27T03:19:14.448117+00:00,BTC/USDT,1.0,808.7713328776495,25340.871570116877,0.1,0.01938482570061518,1.835325870964494,1.0,7347.109815454597,163750.8270647489,2.46537615834325,461.92710868080434,1269.55220779222,0.73,0.0,1.4027673150261555
2025-09-27T03:45:57.863868+00:00,BTC/USDT,1.0,778.3475734791525,25173.72377411618,0.1,0.017429938482570066,1.8284229690246372,1.0,7372.837136549861,166428.52021062156,2.4621992107395,-766.5946159103943,-1684.6406751143732,0.73,0.0,1.406075346299442
2025-09-27T03:57:54.413564+00:00,BTC/USDT,1.0,749.739083701108,25009.967300188076,0.1,0.015604648516040922,1.8215420165385474,1.0,7390.770065371861,168934.4913507779,2.4786134249157765,-1505.4632076784007,-3359.1865349840036,0.73,0.0,1.4089241612857861
2025-09-27T04:29:24.293527+00:00,BTC/USDT,1.0,723.4116601752675,24850.033040969847,0.1,0.013899707887049648,1.8146863806661655,1.0,7405.252482954301,171369.43658084905,2.4690793156470328,-2769.57273612465,-6363.719961051598,0.73,0.0,1.411663799172933
2025-09-27T04:44:36.807427+00:00,BTC/USDT,1.0,719.5753984997658,24847.35860729135,0.1,0.012306610407876234,1.807859073705621,1.0,7417.564193624791,173761.83073982483,2.4808286282331125,-2487.590389123297,-5811.674812470686,0.73,0.0,1.4195037832004986
2025-09-27T04:56:30.354220+00:00,BTC/USDT,1.0,689.8369918699185,24695.141559107993,0.1,0.010817524841915081,1.8010627863830364,1.0,7432.32079944449,176222.54090169974,2.49669139767177,-2376.4156278229525,-5294.1381887985735,0.73,0.0,1.4225869402184859
2025-09-27T05:21:50.108539+00:00,BTC/USDT,1.0,688.9692645922448,24726.691188091903,0.1,0.009425234814597144,1.7942999178292216,1.0,7439.471522954202,178506.2805109192,2.4950284087457266,-2271.084598556828,-4808.890423482561,0.73,0.0,1.4312059740916556
2025-09-27T05:40:29.804120+00:00,BTC/USDT,1.0,663.3142605264277,24575.820364323317,0.1,0.008123084673187534,1.7875726026038168,1.0,7445.506213013407,180768.04243570304,2.50186215127564,-1953.3414004449724,-4354.0922505352455,0.73,0.0,1.4336713042804796
2025-09-27T05:53:02.298981+00:00,BTC/USDT,1.0,640.4727447605563,24427.436568532266,0.1,0.006904930646957588,1.780882735084382,1.0,7448.9044446788575,182969.4938861851,2.5163248003911485,-1710.8220208565267,-3926.9908474232993,0.73,0.0,1.4360187501389217
2025-09-27T06:30:06.347563+00:00,BTC/USDT,1.0,612.5859878835248,24292.652331615867,0.1,0.005765096736368961,1.77423199150051,1.0,7473.4369943280835,185718.92792503204,2.499821115272706,-1382.800429939425,-3526.7815321477383,0.73,0.0,1.4406463840806392
2025-09-27T06:46:50.279614+00:00,BTC/USDT,1.0,584.9444502099146,24165.23058731346,0.1,0.004698334827114487,1.7676218498604188,1.0,7496.334657291567,188439.4685657224,2.5087604145039384,-1183.84703052031,-3150.3917920656786,0.73,0.0,1.4454233937952594
2025-09-27T07:18:42.394332+00:00,BTC/USDT,1.0,560.7372603338913,24031.41118856138,0.1,0.0036997885835095066,1.7610536079890278,1.0,7526.834566604081,191384.2355050926,2.499097900182974,-1078.5826164613275,-2797.167511117584,0.73,0.0,1.4507348486889482
2025-09-27T07:39:05.027822+00:00,BTC/USDT,1.0,553.4003117185025,23947.026833185253,0.1,0.0027649607269909495,1.754528399871633,1.0,7565.778811936881,194590.03223839894,2.5034503165135926,-1620.2996284033661,-4130.454475009697,0.73,0.0,1.458564524566649
2025-09-27T07:52:59.723680+00:00,BTC/USDT,1.0,524.7609295199188,23854.222356078342,0.1,0.0018896833503575078,1.74804721047547,1.0,7607.834763360076,197911.0973161492,2.515442979863319,-1369.96241062309,-3744.6555158325027,0.73,0.0,1.4664980509929453
2025-09-27T08:26:16.455458+00:00,BTC/USDT,1.0,499.8557188130212,23745.059974455988,0.1,0.0010700909577314032,1.7416108892023687,1.0,7647.373634605629,201181.3813074933,2.504323090216142,-1287.8750463020149,-3381.3286825533905,0.73,0.0,1.473717342768193
2025-09-27T08:43:24.796614+00:00,BTC/USDT,1.0,491.39863035515094,23640.62265492549,0.1,0.00030259595476986735,1.7352201621088348,1.0,7684.494537350275,204402.28903736864,2.5122685387843506,-1661.4974199713372,-4140.927138079321,0.73,0.0,1.4809298530361374
2025-09-27T08:55:54.884873+00:00,BTC/USDT,1.0,466.0973598631376,23552.308595572533,0.1,-0.00041613365596536786,1.7288756430151329,1.0,7717.29391364981,207515.18500608433,2.5254940551924876,-1539.7760815621982,-3771.1585623352703,0.73,0.0,1.4883200741594667
2025-09-27T09:20:22.460542+00:00,BTC/USDT,1.0,458.4547163617926,23449.432713009173,0.1,-0.0010891945928202453,1.7225778436118575,1.0,7746.333621807676,210534.90728356264,2.524683338913362,-1622.1814329622946,-3922.534496135563,0.73,0.0,1.4949146336695935
2025-09-27T09:39:02.485951+00:00,BTC/USDT,1.0,454.5648015027279,23379.582014570886,0.1,-0.00171946682079254,1.716327182660979,1.0,7768.354051219581,213363.00415379828,2.5305205462164406,-1698.347671856373,-4061.8160314994807,0.73,0.0,1.5019715955494304
2025-09-27T09:52:46.735647+00:00,BTC/USDT,1.0,437.0696808510626,23260.549161966002,0.1,-0.0023096304591265463,1.7101239943781321,1.0,7783.901931686417,216014.33258776026,2.54189461730666,-1768.6862961926238,-4189.811856103024,0.73,0.0,1.5068002406539218
2025-09-27T10:20:49.141863+00:00,BTC/USDT,1.0,418.95984807379233,23149.232681269998,0.1,-0.0028621812262615218,1.7039685360738985,1.0,7798.1586068954975,218637.7807756691,2.5368765027163764,-1628.9277197504068,-3837.3415626695687,0.73,0.0,1.511793482201723
2025-09-27T10:40:25.012757+00:00,BTC/USDT,1.0,404.8887683125337,23146.83482234628,0.1,-0.004110146500271295,1.7039685360738985,1.0,7823.762655994344,219349.43687049553,2.514940345581323,-1328.043848345094,-3391.4549782962545,0.73,0.0,1.5140857405536874
2025-09-27T10:53:37.298230+00:00,BTC/USDT,1.0,389.5823317959841,23154.418576157128,0.1,-0.0053581117742810555,1.7039685360738985,1.0,7842.386096039954,219869.05860542337,2.5003727448033017,-855.9437262615414,-2945.4409997287075,0.73,0.0,1.5160706047971415
2025-09-27T11:17:03.836446+00:00,BTC/USDT,1.0,378.0302835051548,22938.060412177343,0.1,-0.00660607704829084,1.7039685360738985,1.0,7850.726953341063,220101.38321385588,2.474922510060605,-386.8299850786749,-2499.4292322300616,0.73,0.0,1.509633081359257
2025-09-27T11:39:05.268012+00:00,BTC/USDT,1.0,362.4456185567018,22942.535963153987,0.1,-0.0078540423223006,1.7039685360738985,1.0,7853.712418612846,220185.3183261292,2.451479763676161,-136.33728974498248,-2053.471866521976,0.73,0.0,1.5100620500993898
2025-09-27T11:53:33.086594+00:00,BTC/USDT,1.0,365.1677563754744,22968.97242275884,0.1,-0.009102007596310368,1.7039685360738985,1.0,7851.997137821239,220136.5420584431,2.442258716779446,95.80277400977191,-1607.4924172544818,0.73,0.0,1.5107806778605977
2025-09-27T12:41:12.078628+00:00,BTC/USDT,1.0,335.55576505697286,22704.798038862322,0.1,-0.010349972870320131,1.7039685360738985,1.0,7855.436930282263,220237.41485138473,2.413538227902889,312.07435567011385,-1161.56998100922,0.73,0.0,1.502311107707186
2025-09-27T13:04:30.662952+00:00,BTC/USDT,1.0,329.23592647856793,22631.32753999856,0.1,-0.0115979381443299,1.7039685360738985,1.0,7869.736374124254,220653.4659643759,2.397746679749027,496.4960119370595,-715.6036896364608,0.73,0.0,1.5012489281216979
2025-09-27T13:31:05.373291+00:00,BTC/USDT,1.0,307.0263497015742,22143.719167303778,0.1,-0.01284590341833967,1.7039685360738985,1.0,7886.72086272204,221146.16433076287,2.3836660365773357,721.0500610417815,-269.6104110146572,0.73,0.0,1.486637643586495
2025-09-27T13:53:15.030057+00:00,BTC/USDT,1.0,272.6068570265872,21659.569124654347,0.3,-0.012805208898535004,1.7043545879316044,1.0,7892.95189229252,221326.64355743304,2.374539658599366,948.4649484536149,176.38906673900303,0.79,0.0,1.4711034799327993
2025-09-27T14:18:34.357207+00:00,BTC/USDT,1.0,253.3502712967985,21550.07850589152,0.3,-0.012791644058600102,1.7044832524535807,1.0,7893.458125341359,221341.30136919493,2.3762423197158102,1037.2090952251842,622.1907962560869,0.79,0.0,1.4675035097767244
2025-09-27T14:39:41.077610+00:00,BTC/USDT,1.0,234.4663117200218,21470.094372353957,0.1,-0.012778079218665242,1.7043545879316044,1.0,7890.085729788051,221243.10675299095,2.3760110975800104,1085.3919763971746,1068.0607704829106,0.73,0.0,1.4645091988413126
2025-09-27T14:53:09.172788+00:00,BTC/USDT,1.0,218.72482365708078,21110.765191904327,0.3,-0.011448724905046117,1.7043545879316044,1.0,7875.900501905625,220829.5949608395,2.375309750766985,1132.9858450895279,1513.935017634297,0.79,0.0,1.4511531868524863
2025-09-27T15:20:06.503261+00:00,BTC/USDT,1.0,204.58206728160664,21055.93471896875,0.3,-0.009461475854584908,1.6949033507610554,1.0,7853.332209714635,220166.98424214625,2.374970052221384,1139.1840002713006,1962.035187194791,0.79,0.0,1.447053793777853
2025-09-27T15:39:08.904384+00:00,BTC/USDT,1.0,184.24896907216433,20550.80158828489,0.3,-0.00943434617471514,1.6951621047568017,1.0,7834.611591154367,219621.49114961742,2.375705048232392,1296.07818095497,2410.730887140538,0.79,0.0,1.4283994374732663
2025-09-27T15:53:39.729149+00:00,BTC/USDT,1.0,148.42467444384235,19930.13676662565,0.3,-0.009434346174715133,1.6951621047568015,1.0,7810.294451979394,218917.9304364714,2.374518240013028,536.7266481280437,680.7427224633734,0.79,0.0,1.4053654077074718
2025-09-27T16:25:20.663054+00:00,BTC/USDT,1.0,110.36364622897372,19356.742699692662,0.1,-0.01075013564839934,1.6951621047568015,1.0,7789.32991046922,218306.7711874938,2.4569833007441906,719.4170645686336,1081.4093054801792,0.73,0.0,1.3842150746464466
2025-09-27T16:42:46.143603+00:00,BTC/USDT,1.0,72.74447232772721,18782.633047622603,0.1,-0.012065925122083558,1.6951621047568015,1.0,7786.636109603414,218231.79616412596,2.511257916554899,881.8293407487819,1485.0430683667919,0.73,0.0,1.364828169499552
2025-09-27T16:55:06.685165+00:00,BTC/USDT,1.0,33.24654096581612,18124.18304433503,0.1,-0.013381714595767778,1.6951621047568015,1.0,7797.6342647879765,218525.56698249435,2.54358410553179,1060.7474972870273,1885.829985078676,0.73,0.0,1.343859072117861
2025-09-27T17:17:44.289950+00:00,BTC/USDT,1.0,4.89859603906701,17305.789454076854,0.1,-0.014697504069451988,1.6951621047568015,1.0,7810.295889853926,218863.25706973273,2.541151595152995,1196.5343258274584,2286.056721378205,0.73,0.0,1.3177049194000496
2025-09-27T17:38:48.363041+00:00,BTC/USDT,1.0,-17.655785404233235,16713.103070011795,0.1,-0.016013293543136187,1.6951621047568015,1.0,7820.360668744702,219131.62710485837,2.5545396640035585,1350.1431294085696,2686.359875203461,0.73,0.0,1.2988432733816329
2025-09-27T17:53:19.424262+00:00,BTC/USDT,1.0,-26.005534454693738,16571.755823380237,0.1,-0.017329083016820405,1.6951621047568015,1.0,7837.052278885761,219569.50077004152,2.557895995852686,1785.3145889853508,3086.745435431349,0.73,0.0,1.2955912773778582
2025-09-27T18:29:03.365415+00:00,BTC/USDT,1.0,-37.92036760716228,16430.37372816756,0.1,-0.018644872490504616,1.6951621047568015,1.0,7855.58765599407,220062.3502529394,2.5312061149704363,1857.6420374389572,3487.6950488334255,0.73,0.0,1.2925213724804285
2025-09-27T18:46:16.398678+00:00,BTC/USDT,1.0,-49.82733993488906,16313.773755307631,0.1,-0.019960661964188824,1.6951621047568015,1.0,7870.581429733495,220465.5704456898,2.5433286650056024,1898.9549647314097,3888.318875474776,0.73,0.0,1.289978774027599
2025-09-27T19:16:09.440836+00:00,BTC/USDT,1.0,-57.20213646228955,16061.803795653395,0.1,-0.021276451437873038,1.6951621047568015,1.0,7879.361455503849,220701.5199845986,2.5285943036994234,1981.6843529571395,4289.268095496475,0.73,0.0,1.282366273835487
2025-09-27T19:39:15.595667+00:00,BTC/USDT,1.0,-64.45084102007604,15987.874446734982,0.1,-0.022592240911557242,1.6951621047568015,1.0,7884.871384965397,220848.7918866183,2.5165726138547773,1448.6902061855703,3115.70893922952,0.73,0.0,1.280392868544939
2025-09-27T19:53:32.675913+00:00,BTC/USDT,1.0,-72.99707677699449,15704.042558572914,0.1,-0.023908030385241457,1.6951621047568015,1.0,7885.475020346576,220865.00190025952,2.545045570478258,1055.4092173087283,2634.645089527936,0.73,0.0,1.2709858389850075
2025-09-27T20:22:44.234458+00:00,BTC/USDT,1.0,-79.28992132392754,15492.099195362369,0.1,-0.025223819858925668,1.6951621047568015,1.0,7890.248826641003,220990.53267382985,2.5373478573566577,1136.1788117200228,2985.3815586001106,0.73,0.0,1.264339496123224
2025-09-27T20:40:26.675152+00:00,BTC/USDT,1.0,-104.81623711340248,15041.329271406741,0.1,-0.02653960933260987,1.6951621047568015,1.0,7900.0638429164055,221247.53138000122,2.5472896607870545,626.6681701031011,1718.0663998914717,0.73,0.0,1.250170494345274
2025-09-27T20:52:44.001375+00:00,BTC/USDT,1.0,-114.83147721106856,15052.095344516547,0.1,-0.027855398806294087,1.6951621047568015,1.0,7914.261075690017,221617.62405726782,2.5530049444256826,157.02512208356455,587.9232569180532,0.73,0.0,1.2517630057064897
2025-09-27T21:18:35.713052+00:00,BTC/USDT,1.0,-137.2490165491036,14798.346574659954,0.1,-0.02917118827997829,1.6951621047568015,1.0,7924.021045847493,221870.5227565145,2.538742240439928,-1026.7923969072174,-2203.5469343461737,0.73,0.0,1.244147709042092
2025-09-27T21:39:02.797948+00:00,BTC/USDT,1.0,-141.85290287574497,14815.600555871515,0.1,-0.030486977753662523,1.6951621047568015,1.0,7928.070218392834,221975.50240020535,2.5589634937798618,-1152.2012818773683,-2289.558742539355,0.73,0.0,1.2450727738947804
2025-09-27T21:53:13.177585+00:00,BTC/USDT,1.0,-154.04763293543232,14794.007855419239,0.1,-0.030486977753662506,1.6951621047568017,1.0,7926.644004334707,221938.5249542978,2.570328494101333,-1015.4514989148106,-1972.205887140541,0.73,0.0,1.2442297590600127
2025-09-27T22:19:54.289271+00:00,BTC/USDT,1.0,-169.9063619099296,14837.606993051917,0.1,-0.03177563754747695,1.6951621047568017,1.0,7928.5240165474515,221987.70403954195,2.5737897025503726,-943.3836747151379,-1654.643285404228,0.73,0.0,1.2458469939319157
2025-09-27T22:40:15.140279+00:00,BTC/USDT,1.0,-175.59991182854137,14907.576165778488,0.1,-0.03306429734129136,1.6951621047568017,1.0,7941.8056701053865,222325.3825962242,2.5698679558704303,-1794.6623982637057,-3882.4218936516713,0.73,0.0,1.249304894878409
2025-09-27T22:52:55.715441+00:00,BTC/USDT,1.0,-196.31644736842134,14929.84605112915,0.1,-0.03435295713510579,1.6951621047568017,1.0,7957.523704558443,222720.66841753857,2.569453036893556,-1372.9479245794935,-3511.1221920781486,0.73,0.0,1.251364843794479
2025-09-27T23:19:54.346859+00:00,BTC/USDT,1.0,-201.35927156809583,14887.203530209774,0.1,-0.035641616928920226,1.6951621047568017,1.0,7975.420964469315,223181.5464192652,2.5730693905198474,-1209.149633749322,-3139.205493760181,0.73,0.0,1.2514796864362552
2025-09-27T23:39:52.705750+00:00,BTC/USDT,1.0,-188.05118692349373,14747.536196809491,0.1,-0.036272381985892575,1.6981672266960526,1.0,7998.764697499916,223785.29925170148,2.5724022910889226,-1033.9828065653921,-2767.5469479110293,0.73,0.0,1.2488566522439617
2025-09-27T23:53:30.010779+00:00,BTC/USDT,1.0,-203.59449945740565,14938.230810570922,0.1,-0.03688958220293002,1.7011025836204,1.0,8013.540172273911,224167.541367146,2.570522231091747,-1333.3016413456287,-3312.7778418339653,0.73,0.0,1.25650684880032
2025-09-28T01:54:09.020198+00:00,BTC/USDT,1.0,-201.56319180683673,14938.33413270759,0.1,-0.036835322843190466,1.7005868440144674,1.0,8042.500630764259,224953.48264778528,2.462431197259868,-1250.3798765599583,-2921.8863605534298,0.73,0.0,1.2591266588763004
2025-09-28T03:11:56.881050+00:00,BTC/USDT,1.0,-195.76966901790558,14953.941180909642,0.1,-0.03675393380358111,1.6998129412049194,1.0,8082.885885778136,226081.8803954837,2.402978383850996,-1256.9715748779136,-2531.11707135103,0.73,0.0,1.2634030602899664
2025-09-28T03:47:24.979062+00:00,BTC/USDT,1.0,-190.33657080846484,14965.40226738197,0.1,-0.035987520347259924,1.6888436820665618,1.0,8118.776254749494,227082.10485584373,2.381123743087865,-1170.1760648399331,-2140.6333966359302,0.73,0.0,1.2670460496459885
2025-09-28T04:26:47.850157+00:00,BTC/USDT,1.0,-187.78419696147583,14957.942042739282,0.1,-0.03518041237113405,1.677214430421476,1.0,8157.553852417024,228186.61352377987,2.3960491719904464,-1029.766847531193,-1750.5729856212606,0.73,0.0,1.2704015427067188
2025-09-28T04:43:33.616069+00:00,BTC/USDT,1.0,-196.26583016820408,15116.06240486032,0.1,-0.03301682040151928,1.6242407132986298,1.0,8195.219329890748,229264.08405768685,2.423134773173082,-940.0426682040163,-1359.6518380358134,0.73,0.0,1.278910631776291
2025-09-28T04:55:46.370933+00:00,BTC/USDT,1.0,-173.07647856755275,14732.508742603115,0.1,-0.030785404232230088,1.5677324668830765,1.0,8233.215341836592,230335.78838194662,2.4336292119522516,-956.5564975583188,-968.8065857297828,0.73,0.0,1.2693211358058132
2025-09-28T05:20:46.366656+00:00,BTC/USDT,1.0,-176.81536218122665,14796.103119493908,0.1,-0.02717037438958221,1.431322538957001,1.0,8262.79306837022,231170.55652628696,2.435754065053747,-967.3402740097605,-578.1431565382519,0.73,0.0,1.2733141093304667
2025-09-28T05:41:31.171143+00:00,BTC/USDT,1.0,-167.7694045035264,14473.40382417989,0.1,-0.023460390667390134,1.2762592680557685,1.0,8291.343190454078,231981.0561942694,2.437340995230927,-948.9822978838837,-187.73229788388147,0.73,0.0,1.2642253765739329
2025-09-28T05:53:48.908734+00:00,BTC/USDT,1.0,-158.44824335322795,14451.449813987734,0.1,-0.02162913727618015,1.2289901003127184,1.0,8318.207352148127,232731.41831809233,2.4366623018336817,-803.812452523061,202.72022517633107,0.73,0.0,1.2656796555286502
2025-09-28T06:31:25.826059+00:00,BTC/USDT,1.0,-151.56874660879072,14428.115907792126,0.1,-0.02040151926207272,1.2045236373697514,1.0,8362.828560767874,234028.6850775819,2.4280685532579285,-717.680982094409,596.501146228987,0.73,0.0,1.2690629714341422
2025-09-28T06:53:28.658984+00:00,BTC/USDT,1.0,-141.38549918611062,14123.730206299993,0.1,-0.01847531199131851,1.1516578439248717,1.0,8404.173928372655,235222.1398871592,2.4234934502526877,-523.2591223548513,986.8596920781321,0.73,0.0,1.2625425254600295
2025-09-28T07:19:35.587279+00:00,BTC/USDT,1.0,-131.944316332067,14111.058941948966,0.1,-0.017152740097666864,1.1234638635183505,1.0,8455.022836405346,236714.51532876363,2.4093478733304856,-336.5992742810598,1377.4592308735762,0.73,0.0,1.2669067749176333
2025-09-28T07:39:01.046233+00:00,BTC/USDT,1.0,-136.48166711882777,14187.6743634969,0.1,-0.014473684210526316,1.0225527052860008,1.0,8498.000562937186,237977.07750078168,2.425217947536939,-613.6726804123708,701.5496201844918,0.73,0.0,1.2729964218210756
2025-09-28T07:53:10.948377+00:00,BTC/USDT,1.0,-108.4140396093329,13678.172680982992,0.1,-0.011068909386869245,0.8457841788500081,1.0,8541.824348882443,239264.6178364324,2.430727416544855,-1123.6121337493278,-673.2217715680872,0.73,0.0,1.2591263766798744
2025-09-28T08:26:07.428239+00:00,BTC/USDT,1.0,-113.04302767227361,13737.531673382704,0.1,-0.010214324470971254,0.8292884288627292,1.0,8593.499213246425,240787.3537400946,2.4292328242247048,-954.5396703743876,-222.13296934345686,0.73,0.0,1.2660708244388237
2025-09-28T08:42:25.881449+00:00,BTC/USDT,1.0,-103.44244438415667,13742.016328198482,0.1,-0.008674715138361365,0.7829739750553879,1.0,8642.861441939494,242227.22245845268,2.4351529376478167,-1791.9759359739564,-1663.3835526316,0.73,0.0,1.2707111123018278
2025-09-28T08:54:53.054665+00:00,BTC/USDT,1.0,-78.22592240911536,13364.099436304006,0.1,-0.007752306022788936,0.763690830251697,1.0,8686.840762346244,243500.51720379436,2.434424368850241,-1743.9248033098136,-1172.6327319587695,0.73,0.0,1.262229644091126
2025-09-28T09:20:46.555443+00:00,BTC/USDT,1.0,-64.97376559956633,13367.96240893378,0.1,-0.005486977753662505,0.6608573644443639,1.0,8722.63258952772,244538.50575050956,2.4459926952943807,-1705.937093054812,-681.6962967987027,0.73,0.0,1.2651328152291204
2025-09-28T09:39:13.016073+00:00,BTC/USDT,1.0,-57.23638768312605,13169.656720701509,0.1,-0.005141074335322843,0.656612786105474,1.0,8761.586041773426,245646.6187334648,2.4463617034605387,-1485.1067078133551,-184.9682582745408,0.73,0.0,1.262188038375636
2025-09-28T09:53:17.607019+00:00,BTC/USDT,1.0,-47.74425529028727,12903.093797404837,0.1,-0.00412371134020619,0.6310670440096581,1.0,8793.050847799324,246539.82707173916,2.461937705233638,-1977.4598684210646,-1707.1347802495945,0.73,0.0,1.256109663779356
2025-09-28T10:21:17.291433+00:00,BTC/USDT,1.0,-40.27053038524156,12920.031611357877,0.1,-0.003079218665219752,0.6037165594966949,1.0,8825.167485068578,247448.5961293558,2.4553757608765414,-2706.5039948453623,-3234.7994981009147,0.73,0.0,1.2595211512064266
2025-09-28T10:40:42.825284+00:00,BTC/USDT,1.0,-34.20326234400434,12771.362088222495,0.1,-0.0033233857840477454,0.6037165594966949,1.0,8855.417485082306,248295.18596297642,2.44870846450555,-2809.2884224091117,-4071.1431972327837,0.73,0.0,1.257387466547316
2025-09-28T10:53:23.321152+00:00,BTC/USDT,1.0,-41.22395550732458,12829.436538200705,0.1,-0.003567552902875743,0.6037165594966949,1.0,8875.647300602412,248858.12039961875,2.4688184217888742,-3064.65077319588,-4878.1761462289705,0.73,0.0,1.2611997296687305
2025-09-28T11:17:30.638165+00:00,BTC/USDT,1.0,-52.04017227346761,12967.559845524474,0.1,-0.003811720021703741,0.6037165594966949,1.0,8899.819092510907,249537.2849108977,2.461572922886131,-3802.7132053716773,-6789.553452251758,0.73,0.0,1.2680677216171194
2025-09-28T11:39:28.205889+00:00,BTC/USDT,1.0,-50.51077726532789,12974.738482875604,0.1,-0.004055887140531739,0.6037165594966949,1.0,8924.838049371656,250236.2164238548,2.4513050325279244,-4344.4300800325545,-8190.293427835048,0.73,0.0,1.2706367812386807
2025-09-28T11:53:19.723776+00:00,BTC/USDT,1.0,-47.5242335865437,12981.81068253804,0.1,-0.004300054259359748,0.6037165594966949,1.0,8941.367132387948,250699.5726562674,2.463853921202183,-3999.7494370591394,-7456.874152197492,0.73,0.0,1.2724170420021372
2025-09-28T12:42:07.834530+00:00,BTC/USDT,1.0,-59.04690043407468,13150.073582339492,0.1,-0.002570537167661427,0.5297094536282677,1.0,8969.38398670547,251510.46272894662,2.43297489055593,-3564.445387954424,-6723.191759359726,0.73,0.0,1.2802353915319935
2025-09-28T13:05:49.643258+00:00,BTC/USDT,1.0,-72.63775773195891,13304.53932207716,0.1,-0.0027740097666847487,0.5297094536282677,1.0,8993.576736300105,252204.25387783063,2.4228698870083076,-3925.627529842639,-7581.237201573512,0.73,0.0,1.287696886686196
2025-09-28T13:31:38.673209+00:00,BTC/USDT,1.0,-49.080039338035576,13062.862934364564,0.1,-0.002977482365708081,0.5297094536282677,1.0,9008.107053716654,252621.80707576408,2.424061704535768,-4301.134576776998,-8469.41163185023,0.73,0.0,1.2810328510888875
2025-09-28T13:52:59.521851+00:00,BTC/USDT,1.0,-61.463863266414194,13245.856762339727,0.1,-0.0031809549647314173,0.5297094536282677,1.0,9022.31458898199,253032.1247763443,2.42277647186432,-4055.2121201844766,-7801.372103906678,0.73,0.0,1.288500371023327
2025-09-28T14:18:18.096808+00:00,BTC/USDT,1.0,-55.52682447097114,13262.089173453298,0.1,-0.002726532826912644,0.5227290063073673,1.0,9032.71030249589,253333.60572689743,2.4104444987413465,-3651.989222734674,-7133.44663591972,0.73,0.0,1.2899998515801505
2025-09-28T14:38:45.232866+00:00,BTC/USDT,1.0,-64.05398806294093,13345.695503541418,0.1,-0.0029164405860010794,0.5227290063073673,1.0,9037.05533776646,253459.86741628466,2.416604551620551,-3399.6673155181747,-6465.362635648401,0.73,0.0,1.2932076015477119
2025-09-28T14:52:39.613143+00:00,BTC/USDT,1.0,-56.09091155724333,13159.574821809003,0.1,-0.003106348345089529,0.5227290063073673,1.0,9036.96996066079,253457.38588616112,2.421720229034068,-4154.901553174167,-8044.3496880086905,0.73,0.0,1.2869953070562197
2025-09-28T15:19:41.191655+00:00,BTC/USDT,1.0,-49.69662235485597,13004.275358511908,0.1,-0.0032962561041779736,0.5227290063073673,1.0,9037.339453339982,253468.18462121353,2.409111084224984,-3813.430432718399,-7329.154279707013,0.73,0.0,1.2818546540631577
2025-09-28T15:39:10.549995+00:00,BTC/USDT,1.0,-41.08907352143346,13045.936162365731,0.1,-0.002170374389582203,0.4866642633922876,1.0,9035.506701030396,253413.688307471,2.502512650973644,-3471.7904571351078,-6613.776770211611,0.73,0.0,1.2828212615263763
2025-09-28T15:53:28.709391+00:00,BTC/USDT,1.0,-39.843509224091285,13059.009374215766,0.1,-0.00233315246880086,0.4866642633922876,1.0,9051.938761534044,253881.36387048155,2.5574705467817553,-3052.9076098752053,-5898.337472870344,0.73,0.0,1.2848159537980794
2025-09-28T16:24:30.475052+00:00,BTC/USDT,1.0,-20.406565382528772,12902.764165959496,0.1,-0.00249593054801953,0.4866642633922876,1.0,9075.34272246255,254537.5212689568,2.5614902409168963,-3160.1867200217057,-6442.3924715138455,0.73,0.0,1.2817949715177879
2025-09-28T16:42:49.235954+00:00,BTC/USDT,1.0,-31.21903825284922,12985.390669864852,0.1,-0.0026587086272381938,0.4866642633922876,1.0,9102.40441535626,255279.94551478987,2.5712087217540773,-2629.5634631036332,-5699.9401790558895,0.73,0.0,1.2870239358007431
2025-09-28T16:54:56.121807+00:00,BTC/USDT,1.0,-42.29402468800915,13062.170966488882,0.1,-0.0028214867064568654,0.4866642633922876,1.0,9125.146629142948,255899.3077012856,2.571008931679368,-3166.187974769406,-7028.9916576234245,0.73,0.0,1.2916478196431969
2025-09-28T17:17:24.420029+00:00,BTC/USDT,1.0,-34.82424715138363,13139.462663846918,0.1,-0.0029842647856755263,0.4866642633922876,1.0,9147.749999991527,256524.22407112803,2.5815192740991,-3390.694669017904,-7686.696154367862,0.73,0.0,1.2963072641212727
2025-09-28T17:38:56.950676+00:00,BTC/USDT,1.0,-25.16159793814554,13249.950624320447,0.1,-0.0031470428648941932,0.4866642633922876,1.0,9177.8262547481,257371.93218777265,2.5741354151563747,-4131.625746066198,-9382.292647856735,0.73,0.0,1.3028158898592057
2025-09-28T17:53:21.143267+00:00,BTC/USDT,1.0,-3.8456795984808916,13129.675994013907,0.1,-0.0033098209441128623,0.4866642633922876,1.0,9211.353411560995,258325.87669058543,2.5712199923808634,-3852.6992607162256,-8760.001980466628,0.73,0.0,1.3019865505250303
2025-09-28T18:28:32.039240+00:00,BTC/USDT,1.0,-16.127143244709266,13163.106548761014,0.1,-0.003472599023331525,0.4866642633922876,1.0,9254.89681226343,259576.12342059345,2.5598432463179983,-3656.0780046120485,-8137.955717580026,0.73,0.0,1.3072683914499608
2025-09-28T18:45:50.351755+00:00,BTC/USDT,1.0,-6.267844546934898,12962.561464703114,0.1,-0.003635377102550188,0.4866642633922876,1.0,9288.67634292111,260546.30428711371,2.5614035147227856,-3389.40575827455,-7515.597537981565,0.73,0.0,1.3038174915364316
2025-09-28T18:57:53.320380+00:00,BTC/USDT,1.0,0.11313754747675026,13033.996771293941,0.1,-0.003798155181768856,0.4866642633922876,1.0,9316.737757734474,261346.8947239018,2.5619700592279835,-2959.0121269669057,-6893.494546934325,0.73,0.0,1.3088673032120859
2025-09-28T19:18:52.412738+00:00,BTC/USDT,1.0,-11.214880629408771,13124.35948833113,0.1,-0.003960933260987521,0.4866642633922876,1.0,9346.503852418662,262204.74965591164,2.5806244194181027,-2673.4553988062985,-6270.876668475295,0.73,0.0,1.314738910220025
2025-09-28T19:39:03.799229+00:00,BTC/USDT,1.0,-25.431165219750156,13147.585727207726,0.1,-0.004123711340206182,0.4866642633922876,1.0,9387.04445876121,263329.6814659566,2.576591059982343,-2677.462350786761,-6620.330568366793,0.73,0.0,1.3192628908827282
2025-09-28T19:53:27.114484+00:00,BTC/USDT,1.0,-43.73937873033049,13216.37230780477,0.1,-0.004286489419424852,0.4866642633922876,1.0,9425.404266137983,264390.1701332012,2.597112251180236,-2296.939704286485,-5977.356633206733,0.73,0.0,1.325090739126778
2025-09-28T20:22:31.008822+00:00,BTC/USDT,1.0,-57.739270211612556,13257.442961739338,0.1,-0.0044492674986435195,0.4866642633922876,1.0,9466.603642161026,265505.21562133974,2.5868723745561857,-2088.3090409658143,-5334.3874796527225,0.73,0.0,1.3301765792183924
2025-09-28T20:40:20.730115+00:00,BTC/USDT,1.0,-42.955520889853766,13242.86840170303,0.1,-0.0046120455778621795,0.4866642633922876,1.0,9512.200332337987,266709.86058691895,2.5822817962943247,-2468.4326776994008,-6312.298372219215,0.73,0.0,1.3337062437691127
2025-09-28T20:53:36.572096+00:00,BTC/USDT,1.0,-54.32037438958256,13135.394240672595,0.1,-0.004774823657080851,0.4866642633922876,1.0,9566.847565108592,268149.3602901187,2.6059105154816318,-2105.0952251763415,-5695.808674715108,0.73,0.0,1.3349221040787642
2025-09-28T21:18:42.807011+00:00,BTC/USDT,1.0,-79.03583830710829,13304.290245051083,0.1,-0.0049376017362995125,0.4866642633922876,1.0,9622.85528349825,269624.2149175499,2.5964558602821817,-1735.7527265328329,-5078.362432175787,0.73,0.0,1.3454681529828179
2025-09-28T21:39:21.335579+00:00,BTC/USDT,1.0,-92.82682447097147,13613.413072075018,0.1,-0.005100379815518172,0.4866642633922876,1.0,9683.20887140539,271221.36295862665,2.586863183858841,-1885.2307921866538,-5472.695252306024,0.73,0.0,1.361096074020538
2025-09-28T21:53:28.591274+00:00,BTC/USDT,1.0,-105.87607840477447,13518.927244464274,0.1,-0.005263157894736846,0.4866642633922876,1.0,9739.016115022869,272692.65386309597,2.599058108156912,-2322.785268583834,-6551.433986706442,0.73,0.0,1.3628508494484108
2025-09-28T22:20:15.386554+00:00,BTC/USDT,1.0,-119.35211611503058,13809.83049605695,0.1,-0.005425935973955511,0.4866642633922876,1.0,9792.0168136222,274088.41402053303,2.589478980461126,-2238.0570333695114,-6399.704483179592,0.73,0.0,1.3772001583596236
2025-09-28T22:40:32.271747+00:00,BTC/USDT,1.0,-128.70991589799175,14036.089544253351,0.1,-0.005588714053174173,0.4866642633922876,1.0,9835.369845361523,275229.6527796856,2.581803615257478,-2181.5789744980975,-6257.907982908323,0.73,0.0,1.3885462558300123
2025-09-28T22:53:21.365060+00:00,BTC/USDT,1.0,-151.42192756375405,14316.24814768891,0.1,-0.005751492132392849,0.4866642633922876,1.0,9868.55231280643,276102.9304952515,2.599728014385995,-2162.5315586001047,-6173.530113944662,0.73,0.0,1.400795801663084
2025-09-28T23:20:21.809642+00:00,BTC/USDT,1.0,-152.2192756375476,14308.895781198247,0.1,-0.005914270211611508,0.4866642633922876,1.0,9899.345564294821,276911.33388580737,2.590971963493643,-1940.9258817146006,-5570.610010851868,0.73,0.0,1.4032454007485813
2025-09-28T23:39:45.309400+00:00,BTC/USDT,1.0,-152.9770211611501,14298.696540382532,0.1,-0.006077048290830167,0.4866642633922876,1.0,9923.522381983581,277538.4321380507,2.5837058136408046,-1667.2745320130214,-4967.646479924035,0.73,0.0,1.4049957535622017
2025-09-28T23:53:21.810915+00:00,BTC/USDT,1.0,-172.7918407487798,14314.40390618359,0.1,-0.006239826370048826,0.4866642633922876,1.0,9943.563863261541,278058.45788546355,2.5952743725048943,-994.4695944112875,-4364.469967444398,0.73,0.0,1.4072527515802802
2025-09-29T01:48:19.616198+00:00,BTC/USDT,1.0,-157.77923901247974,14269.16373605006,0.1,-0.00640260444926751,0.4866642633922876,1.0,9977.235946819206,278968.9398919535,2.4899102541470093,-509.69783640804286,-3761.22848616386,0.73,0.0,1.4087796859307957
2025-09-29T03:08:02.516576+00:00,BTC/USDT,1.0,-160.89468936516545,14228.244787630429,0.1,-0.006565382528486162,0.4866642633922876,1.0,10021.106545037419,280176.04611343367,2.420905924541327,-313.95785404232606,-3158.407080846456,0.73,0.0,1.4114394083884083
2025-09-29T03:46:08.312278+00:00,BTC/USDT,1.0,-161.3062873033103,14235.15344736634,0.1,-0.006728160607704834,0.4866642633922876,1.0,10066.883132127172,281436.85919265484,2.430768693146179,-96.2939026044497,-2555.8023128052296,0.73,0.0,1.4158724073103428
2025-09-29T04:28:26.208170+00:00,BTC/USDT,1.0,-160.78541779707072,14242.043566589438,0.1,-0.006890938686923487,0.4866642633922876,1.0,10117.395815249267,282790.3653538949,2.411243242829919,62.362208355938414,-1952.5158233858037,0.73,0.0,1.4206137651552462
2025-09-29T04:46:37.039100+00:00,BTC/USDT,1.0,-161.9892837764517,14257.830796710683,0.1,-0.007053716766142168,0.4866642633922876,1.0,10166.543285408969,284086.18703070044,2.4198398712868023,256.4413320672812,-1349.0978092783553,0.73,0.0,1.4254594117486394
2025-09-29T05:23:44.985169+00:00,BTC/USDT,1.0,-148.1216630493756,14218.166326119308,0.1,-0.007216494845360835,0.4866642633922876,1.0,10220.64962696093,285516.7402201432,2.404556759725401,451.1284319045024,-746.3441535539879,0.73,0.0,1.428905773360403
2025-09-29T05:43:13.829386+00:00,BTC/USDT,1.0,-162.67824877916405,14287.65336415593,0.1,-0.006063483450895289,0.44672296057934163,1.0,10265.218183665866,286695.79902047175,2.4104967036282816,671.800298426481,-143.1435160065088,0.73,0.0,1.4348859286106324
2025-09-29T05:55:14.766215+00:00,BTC/USDT,1.0,-160.2528960933264,14310.719949764656,0.1,-0.004883342376559957,0.4017505554096098,1.0,10299.651587084856,287599.64772146154,2.4198052380549067,891.6714053174157,460.0494981009144,0.73,0.0,1.4383678277664245
2025-09-29T06:36:06.610600+00:00,BTC/USDT,1.0,-159.78217580032629,14315.307040094984,0.1,-0.004991861096039071,0.4017505554096098,1.0,10341.282236846055,288706.9863831893,2.391985793238884,1088.1084169831868,1063.1345564297455,0.73,0.0,1.442211859649861
2025-09-29T06:57:50.993708+00:00,BTC/USDT,1.0,-139.48761530113904,14239.357608157134,0.2,-0.0031402604449267484,0.362586952668755,1.0,10370.05069180998,289469.7269324496,2.397232828774959,1283.9113130765109,1666.213171459565,0.76,0.0,1.4419615897311948
2025-09-29T07:27:13.247035+00:00,BTC/USDT,1.0,-134.0897856755293,14292.722038941924,0.3,-0.0006307650569723239,0.36258695266875507,1.0,10390.975244164692,290023.3386935566,2.3868623303316183,1411.614690721652,2271.5711611503066,0.79,0.0,1.445585776627711
2025-09-29T07:42:13.140725+00:00,BTC/USDT,1.0,-129.68597395550776,14219.585191457072,0.3,0.0018787303309820923,0.36258695266875507,1.0,10405.659936242813,290409.53072238585,2.386378191957528,1623.1174918610943,2880.5836272382016,0.79,0.0,1.4444351884743136
2025-09-29T07:55:07.709076+00:00,BTC/USDT,1.0,-122.31850244167111,14296.339448653993,0.3,0.004388225718936522,0.36258695266875507,1.0,10407.536530110854,290458.8461744775,2.4052824048899906,1834.6417932718346,3489.5934617471503,0.79,0.0,1.4471580485545161
2025-09-29T08:33:58.615209+00:00,BTC/USDT,1.0,-135.5886190992945,14324.777901588024,0.2,0.004937601736299514,0.3746343246326776,1.0,10411.97124932206,290575.16494680976,2.3837325458446874,2218.7524484536057,4092.6611231687493,0.76,0.0,1.4485740420398512
2025-09-29T08:57:08.925996+00:00,BTC/USDT,1.0,-152.78941264243116,14429.330523517296,0.1,0.0048290830168204,0.3746343246326776,1.0,10419.127109332047,290766.0930683303,2.3729855852091175,2413.4428106348278,4698.71641345631,0.73,0.0,1.452695556509229
2025-09-29T09:30:35.541243+00:00,BTC/USDT,1.0,-169.74473684210528,14529.636417131542,0.1,0.004720564297341295,0.3746343246326776,1.0,10427.570428646979,290994.88817242783,2.3623474753826104,2656.6696418882225,5301.652095767773,0.73,0.0,1.4568017366433619
2025-09-29T09:46:46.764817+00:00,BTC/USDT,1.0,-173.27811991318598,14596.001622996235,0.2,0.005256375474769401,0.3860222246124397,1.0,10435.219770753183,291202.34812900075,2.36713581958249,1939.5900027129687,3496.1175800325436,0.76,0.0,1.4597813626939597
2025-09-29T10:26:06.718110+00:00,BTC/USDT,1.0,-174.10202116115116,14610.835971240962,0.1,0.005134291915355403,0.3860222246124397,1.0,10438.505771841166,291291.58535671426,2.3429906178580975,1883.9554055887165,4150.039670374386,0.73,0.0,1.460573298394496
2025-09-29T10:46:00.521364+00:00,BTC/USDT,1.0,-174.35560227889403,14615.69823768266,0.1,0.0050122083559414055,0.3860222246124397,1.0,10437.456762078353,291263.125805742,2.358341658005453,1269.6642227346665,2672.5825623982614,0.73,0.0,1.460640508772645
2025-09-29T10:57:25.887419+00:00,BTC/USDT,1.0,-164.22985621269746,14595.34440045806,0.1,0.004890124796527403,0.3860222246124397,1.0,10434.719526583378,291189.7124848333,2.364009183804322,516.3932447097161,799.5668543136102,0.73,0.0,1.4597173364621294
2025-09-29T11:22:19.011938+00:00,BTC/USDT,1.0,-168.96865843732948,14655.110244213989,0.1,0.0047680412371134025,0.3860222246124397,1.0,10426.926892286907,290982.16068343417,2.3689202467628734,737.5890938686962,1552.2952930005422,0.73,0.0,1.4610176919159965
2025-09-29T11:40:27.054798+00:00,BTC/USDT,1.0,-141.79908437330454,14185.41680858281,0.1,0.004645957677699401,0.3860222246124397,1.0,10413.975766411237,290634.7814348609,2.3738220051552985,948.1033437330452,2304.8490911557196,0.73,0.0,1.4442033132330463
2025-09-29T11:53:28.567659+00:00,BTC/USDT,1.0,-127.45836272381966,14154.18236952917,0.1,0.004523874118285407,0.3860222246124397,1.0,10390.20408301647,289998.37221643585,2.3750677595946086,1187.018170103097,3057.4178581117644,0.73,0.0,1.4410408012031748
2025-09-29T12:50:22.456393+00:00,BTC/USDT,1.0,-93.0189026044492,13816.82738667686,0.5,0.006979110146500279,0.5547838207079386,1.0,10359.015274008825,289163.7113837976,2.3479622053372147,1314.1615368963653,3813.1352889310847,0.8500000000000001,0.0,1.4281385096399404
2025-09-29T13:33:01.853304+00:00,BTC/USDT,1.0,-61.010953608247604,13324.364136860142,0.2,0.007447097124253932,0.5615611072652579,1.0,10328.066806834835,288320.9679100859,2.324077238021079,1661.8193434617501,4569.174057243608,0.76,0.0,1.4089591049773926
2025-09-29T13:54:17.364403+00:00,BTC/USDT,1.0,-64.55739283776472,13368.969179580055,0.2,0.007901519262072708,0.568064581206268,1.0,10294.830012205997,287416.47763789166,2.3156084538149693,1365.3215341834,3669.710879001612,0.76,0.0,1.4074743286536826
2025-09-29T14:24:00.468115+00:00,BTC/USDT,1.0,-70.16873982637023,13413.29740877336,0.3,0.008986706456863811,0.5981513919730508,1.0,10259.007386055178,286441.7304660067,2.3119862517557985,1549.820299782966,4388.151349701576,0.79,0.0,1.405903357792288
2025-09-29T14:44:49.272927+00:00,BTC/USDT,1.0,-55.71620320130317,13531.954957565244,0.4,0.010689093868692353,0.6635893889996903,1.0,10211.645387951747,285151.0664025937,2.31164683071053,1332.4098752034677,4186.641433803599,0.8200000000000001,0.0,1.4059926491874848
2025-09-29T14:57:09.285827+00:00,BTC/USDT,1.0,-57.81896364622876,13546.340812432669,0.3,0.011706456863809011,0.6879284948561788,1.0,10155.986190999281,283626.2854634776,2.313372585810794,1511.6317824199602,4886.262642430826,0.79,0.0,1.401551835258389
2025-09-29T15:27:18.955345+00:00,BTC/USDT,1.0,-58.30798290830239,13548.555731920025,0.4,0.0133410200759631,0.7433181888159076,1.0,10093.794899618166,281906.50421028375,2.3101136236076996,1721.8162099837236,5585.553913456326,0.8200000000000001,0.0,1.3962623263570526
2025-09-29T15:43:41.914587+00:00,BTC/USDT,1.0,-45.07329083016788,13764.941086901797,0.5,0.015579218665219755,0.8350202224675907,1.0,10027.154110139192,280077.3137685065,2.313831700889026,1938.0852482365751,6284.951058057524,0.8500000000000001,0.0,1.3979892169415322
2025-09-29T15:56:34.399738+00:00,BTC/USDT,1.0,-52.289758545849786,13770.296628546455,0.3,0.01647449810092242,0.8521772939658021,1.0,9958.274396359406,278166.48738312244,2.313645271749594,1246.1474905046093,4385.3138157894755,0.79,0.0,1.3919126941883952
2025-09-29T16:25:09.632362+00:00,BTC/USDT,1.0,-59.02609196961439,13761.653747772267,0.4,0.01798697775366251,0.8941819744933197,1.0,9886.283973144878,276148.01735351316,2.3121342654817347,1613.1070740640273,5031.5533369506375,0.8200000000000001,0.0,1.385176395934075
2025-09-29T16:41:21.818273+00:00,BTC/USDT,1.0,-51.76053309820926,13683.45304218877,0.4,0.019458762886597942,0.9332432600646736,1.0,9815.449484542227,274177.23188387626,2.3156750972197733,1825.1673223005976,5677.883464460117,0.8200000000000001,0.0,1.3762608294196443
2025-09-29T16:53:31.665013+00:00,BTC/USDT,1.0,-29.162967986978266,13841.357811905342,0.5,0.021534183396635924,1.0025734430813185,1.0,9740.982277534482,272120.96799186355,2.3170472023153,2121.59707677699,6323.929849430271,0.8500000000000001,0.0,1.3751323099902653
2025-09-29T17:20:59.844653+00:00,BTC/USDT,1.0,-24.02423358654335,13941.806377584857,0.4,0.022911014650027133,1.035340438967494,1.0,9661.357847263425,269885.6726961906,2.408267125499099,1967.0656945198036,6033.514439772109,0.8200000000000001,0.0,1.371248057833247
2025-09-29T17:39:32.270627+00:00,BTC/USDT,1.0,-18.553947368420484,13893.880076393094,0.4,0.02424715138361368,1.066176559553037,1.0,9595.838998912415,268098.1474178617,2.4701096941394365,2125.2990301139444,6660.194112859479,0.8200000000000001,0.0,1.3638976710029957
2025-09-29T17:53:44.297305+00:00,BTC/USDT,1.0,-7.174253933802795,13780.456387659771,0.5,0.026186923494302777,1.1234638635183505,1.0,9537.45209576735,266547.44260154926,2.4930871823854663,2214.7471378187765,7287.022185295726,0.8500000000000001,0.0,1.3553297806839455
2025-09-29T18:33:58.822261+00:00,BTC/USDT,1.0,12.005704015192716,13738.077830092529,0.1,0.02549511665762345,1.1234638635183505,1.0,9485.807935433828,265140.19913763914,2.4921487821336465,1846.2273331524696,6396.0815382528635,0.73,0.0,1.349226350552004
2025-09-29T18:55:07.302898+00:00,BTC/USDT,1.0,10.832182582744183,13752.935981629618,0.1,0.024803309820944114,1.1234638635183505,1.0,9439.847476942776,263902.08294640435,2.4873869330840126,2171.1766277807924,7054.01581660337,0.73,0.0,1.3455945682991242
2025-09-29T19:19:01.720683+00:00,BTC/USDT,1.0,8.739446554531051,13723.735235609336,0.1,0.024111502984264795,1.1234638635183505,1.0,9396.257460662375,262722.9768578509,2.4747576573212444,2473.761930276724,7713.062282962562,0.73,0.0,1.3406908564699365
2025-09-29T19:39:32.327159+00:00,BTC/USDT,1.0,7.2196486706458,13748.374069668727,0.1,0.02341969614758547,1.1234638635183505,1.0,9349.497192078783,261446.67855769116,2.479591215118355,2326.6248846988565,7274.991060770471,0.73,0.0,1.3372578232713839
2025-09-29T19:53:34.242971+00:00,BTC/USDT,1.0,-7.339249864351849,13794.434664495977,0.1,0.022727889310906135,1.1234638635183505,1.0,9295.802306024241,259973.11446070392,2.486855445082983,2583.9001695604984,7956.5785607704875,0.73,0.0,1.3338812961090012
2025-09-29T20:22:22.315545+00:00,BTC/USDT,1.0,-24.49361096039076,13738.985860004495,0.4,0.023969072164948462,1.149942790338994,1.0,9239.84968123179,258442.68500414147,2.46907507275924,2171.3222124253975,6829.526573521428,0.8200000000000001,0.0,1.3271080972828815
2025-09-29T20:41:22.407786+00:00,BTC/USDT,1.0,-25.15344546934357,13750.429515572207,0.1,0.023236570808464464,1.149942790338994,1.0,9179.984183395543,256779.1117344768,2.489144895027567,1713.1330303852435,5852.661258817144,0.73,0.0,1.3219443082362563
2025-09-29T20:53:38.061410+00:00,BTC/USDT,1.0,-28.392647856755055,13804.311791289718,0.1,0.022504069451980472,1.149942790338994,1.0,9139.869926752799,255699.4511427601,2.499828183848601,1992.9520211611434,6608.188279978312,0.73,0.0,1.320141515454451
2025-09-29T21:19:44.719570+00:00,BTC/USDT,1.0,-30.25431361909977,13786.963496695365,0.1,0.02177156809549648,1.149942790338994,1.0,9098.99982365945,254587.24597023468,2.4998331198574415,1240.6046527401033,4805.383871405312,0.73,0.0,1.315855888392888
2025-09-29T21:39:45.797297+00:00,BTC/USDT,1.0,-34.869750406945215,13887.478368720027,0.1,0.021039066739012485,1.149942790338994,1.0,9070.723277265048,253827.57284598492,2.4991824482917306,1581.5140056972323,5614.652088985358,0.73,0.0,1.3166741403795441
2025-09-29T21:53:20.923163+00:00,BTC/USDT,1.0,-52.25779978296261,13971.8125546188,0.1,0.020306565382528494,1.149942790338994,1.0,9034.815592781588,252866.275244831,2.499817725534713,1446.0203811719973,5334.954849430277,0.73,0.0,1.3162809545723233
2025-09-29T22:19:17.789418+00:00,BTC/USDT,1.0,-57.68504476397276,14091.193706201042,0.1,0.019574064026044502,1.149942790338994,1.0,9005.109251220185,252065.36714970542,2.507508573506569,1058.2193909386854,4295.8996608790185,0.73,0.0,1.3175906326413127
2025-09-29T22:39:37.348072+00:00,BTC/USDT,1.0,-73.43065653825244,14211.183826140272,0.1,0.0188415626695605,1.149942790338994,1.0,8977.738897178135,251340.11324905918,2.5030837218754494,985.1764650027128,4176.484495387976,0.73,0.0,1.3191727903037995
2025-09-29T22:53:24.434467+00:00,BTC/USDT,1.0,-60.844519804666795,14108.496323262405,0.1,0.01810906131307651,1.149942790338994,1.0,8948.062893382328,250548.95796331234,2.5016205709818804,-386.1717783505138,813.3048901248111,0.73,0.0,1.3131126892553813
2025-09-29T23:20:39.094266+00:00,BTC/USDT,1.0,-61.99626288659868,14130.716142871766,0.1,0.01737655995659251,1.149942790338994,1.0,8910.962038791551,249559.24293262014,2.5001363593560035,-289.73817145957946,899.2133681497787,0.73,0.0,1.3105542998067194
2025-09-29T23:39:55.389852+00:00,BTC/USDT,1.0,-61.69832474226788,14124.031903476312,0.1,0.01664405860010852,1.149942790338994,1.0,8871.237452518382,248492.61955338533,2.499225865171916,72.20322843190185,1688.0851058057503,0.73,0.0,1.3067760805627548
2025-09-29T23:53:39.679542+00:00,BTC/USDT,1.0,-78.08090748779209,14254.003042724371,0.1,0.01591155724362453,1.149942790338994,1.0,8825.384624254417,247259.06620490723,2.4995966929422826,347.9834712425433,2394.205480195328,0.73,0.0,1.3069966073760966
2025-09-30T01:43:42.538319+00:00,BTC/USDT,1.0,-98.05750813890386,14460.365897401507,0.1,0.015179055887140545,1.149942790338994,1.0,8793.746079765782,246371.98045054224,2.412779317214474,-977.570299782964,-861.1052902875595,0.73,0.0,1.3109184166841177
2025-09-30T02:48:45.792745+00:00,BTC/USDT,1.0,-103.2023331524689,14579.426250292545,0.1,0.014446554530656549,1.149942790338994,1.0,8777.73414948833,245909.86995315572,2.3670610177100313,-1558.2412642430806,-2175.5622151383577,0.73,0.0,1.3133467267891972
2025-09-30T03:34:24.601282+00:00,BTC/USDT,1.0,-105.7430819316329,14569.336623448868,0.1,0.013714053174172547,1.149942790338994,1.0,8757.243414270322,245315.341150072,2.3350881522846074,-1831.3426207270788,-2871.805900705387,0.73,0.0,1.3110286432174623
2025-09-30T03:54:30.907935+00:00,BTC/USDT,1.0,-124.4288185024417,14805.851791646644,0.1,0.012981551817688555,1.149942790338994,1.0,8729.137879813821,244491.25653172584,2.3389370060522765,-2061.2308532284305,-3598.04852821485,0.73,0.0,1.3161655334295677
2025-09-30T04:27:41.930444+00:00,BTC/USDT,1.0,-145.21278486163826,14954.232085426607,0.1,0.012249050461204563,1.149942790338994,1.0,8709.518617744348,243916.27038842093,2.3282138228576827,-2748.969628323387,-5513.530629408567,0.73,0.0,1.3191949227445499
2025-09-30T04:45:18.556044+00:00,BTC/USDT,1.0,-144.8468597395544,14948.72797832865,0.1,0.011516549104720572,1.149942790338994,1.0,8685.347300598478,243210.28820393613,2.324651404090765,-3309.593699131848,-7014.199308193186,0.73,0.0,1.3166581785596687
2025-09-30T04:57:29.046598+00:00,BTC/USDT,1.0,-126.86736299511712,14951.809592631196,0.1,0.010784047748236571,1.149942790338994,1.0,8652.530805749067,242253.99024489772,2.3599029784509846,-3005.5834237656104,-6424.710607704829,0.73,0.0,1.3135732391729589
2025-09-30T05:26:25.739076+00:00,BTC/USDT,1.0,-140.87040151926251,14943.419231651595,0.1,0.010051546391752582,1.149942790338994,1.0,8631.845822030138,241670.01937753233,2.3547865155269054,-2623.069899620197,-5835.549681226256,0.73,0.0,1.3113469909157542
2025-09-30T05:42:37.672135+00:00,BTC/USDT,1.0,-152.7198928377642,14923.734783772512,0.2,0.009963374932175808,1.1493228364807426,1.0,8602.075230600705,240830.6726194357,2.3641806077681307,-2468.382962561044,-5246.121052631569,0.76,0.0,1.3078888871004077
2025-09-30T05:54:53.082231+00:00,BTC/USDT,1.0,-154.6314161692888,14965.722836746503,0.1,0.009217308735756923,1.1493228364807426,1.0,8576.997585457157,240106.76630329384,2.373128518220015,-2244.140240097662,-4653.813225718926,0.73,0.0,1.3068754678124013
2025-09-30T06:35:27.083279+00:00,BTC/USDT,1.0,-177.78105670103113,15100.468323075484,0.1,0.008471242539338038,1.1493228364807426,1.0,8562.471595218529,239681.56325247648,2.358149279822667,-2080.0545849158934,-4064.239609332625,0.73,0.0,1.3099496405206426
2025-09-30T06:56:56.824512+00:00,BTC/USDT,1.0,-164.28040558871467,15019.090447349992,0.1,0.00772517634291916,1.1493228364807426,1.0,8542.100373034176,239090.20259387034,2.3571317684240767,-1651.7593529571407,-3474.9839392295116,0.73,0.0,1.3052658424677723
2025-09-30T07:26:25.694143+00:00,BTC/USDT,1.0,-178.70742674986437,15107.363910999298,0.3,0.008267769940314711,1.1569299210000852,1.0,8516.247958492291,238340.0617615159,2.3420473771394303,-1436.107481009222,-2885.139283776459,0.79,0.0,1.305758535711697
2025-09-30T07:41:43.158160+00:00,BTC/USDT,1.0,-179.46617607162204,15104.534806941287,0.1,0.007494574064026053,1.1569299210000852,1.0,8488.949470968975,237542.55393222003,2.353395073195854,-2126.6476261530165,-4589.834943027651,0.73,0.0,1.30300587281211
2025-09-30T07:54:06.055527+00:00,BTC/USDT,1.0,-196.92334508952774,15239.88782731143,0.1,0.0067213781877373865,1.1569299210000852,1.0,8459.945137010574,236701.75976579936,2.3603216590073575,-1844.47900162778,-4047.7837086272475,0.73,0.0,1.3047149929363793
2025-09-30T08:32:38.547367+00:00,BTC/USDT,1.0,-195.89304801953412,15219.72536905773,0.1,0.00594818231144873,1.1569299210000852,1.0,8446.782080847488,236314.51033875512,2.336866270095118,-1692.179259359745,-3505.7054055887143,0.73,0.0,1.3027520795711087
2025-09-30T08:57:56.333314+00:00,BTC/USDT,1.0,-193.1506172002165,15171.481468528058,0.1,0.005174986435160072,1.1569299210000852,1.0,8426.565674171776,235719.0517869958,2.3423717655650402,-1489.4148534997355,-2963.384176614212,0.73,0.0,1.2991590877142551
2025-09-30T09:28:47.137295+00:00,BTC/USDT,1.0,-190.41110960390623,15124.885038957047,0.1,0.0044017905588714145,1.1569299210000852,1.0,8405.112235487377,235086.84307938168,2.330368565337715,-1823.9230398806314,-3707.0833084644796,0.73,0.0,1.2954985110365078
